"ID","Family","Binomial","Ndaphnia","Sex","X240m","nbut","death.p","Phylo","Dorsal.conspicuousness","Ventral.conspicuousness","ConspicuousnessDiff"
"1070","Nymphalidae","Melanitis leda",10,"Male",10,1,1,"ME11B073_X_Nymphalidae_Satyrinae_Melanitini_Melanitis_leda_X_ME",0.287288372093023,0.090121875,0.197166497093023
"2829","Lycaenidae","Nacaduba berenice",10,"Female",1,1,0.1,"BN003931_KD93C025_Lycaenidae_Polyommatinae_Polyommatini_Nacaduba_kurava",NA,0.331366666666667,NA
"2747","Lycaenidae","Leptotes plinius",10,"Female",10,1,1,"BN002865_LEP46014_Lycaenidae_Polyommatinae_Polyommatini_Leptotes_cassius",0.490422033898305,0.387837096774194,0.102584937124112
"1038","Hesperiidae","Ocybadistes flavovittatus",10,"Female",7,1,0.7,"DL02Q800_X_Hesperiidae_Hesperiinae_Taractrocerini_Ocybadistes_flavovittata_X_ME",NA,NA,NA
"2743","Lycaenidae","Theclinesthes onycha",10,"Female",7,1,0.7,"BN003991_MFB00P612_Lycaenidae_Polyommatinae_Polyommatini_Theclinesthes_miskini",0.671384090909091,0.533632352941177,0.137751737967914
"2757","Pieridae","Catopsilia pomona",10,"Male",1,1,0.1,"BN002319_DL13F181_Pieridae_Coliadinae_X_Catopsilia_scylla",NA,NA,NA
"1082","Pieridae","Catopsilia pomona",10,"Male",1,1,0.1,"BN002319_DL13F181_Pieridae_Coliadinae_X_Catopsilia_scylla",NA,NA,NA
"1049","Pieridae","Eurema hecabe",10,"Male",10,1,1,"DRR087481_X_Pieridae_Coliadinae_X_Eurema_mandarina",0.639188679245283,0.567830188679245,0.0713584905660377
"1056","Pieridae","Eurema smilax",10,"Female",0,1,0,"DRR087481_X_Pieridae_Coliadinae_X_Eurema_mandarina",0.563998076923077,0.507790196078431,0.0562078808446456
"LP4","Lycaenidae","Leptotes plinius",10,"Female",5,2,0.5,"BN002865_LEP46014_Lycaenidae_Polyommatinae_Polyommatini_Leptotes_cassius",0.490422033898305,0.387837096774194,0.102584937124112
"2775","Papilionidae","Papilio aegeus",10,"Male",10,1,1,"SRR5879306_X_Papilionidae_Papilioninae_Papilionini_Papilio_ambrax",0.5052453125,0.436190196078431,0.0690551164215687
"2848","Pieridae","Catopsilia pomona",10,"Female",0,1,0,"BN002319_DL13F181_Pieridae_Coliadinae_X_Catopsilia_scylla",NA,NA,NA
"2740","Lycaenidae","Nacaduba berenice",10,"Male",6,1,0.6,"BN003931_KD93C025_Lycaenidae_Polyommatinae_Polyommatini_Nacaduba_kurava",NA,0.331366666666667,NA
"1067","Pieridae","Catopsilia pomona",10,"Female",2,1,0.2,"BN002319_DL13F181_Pieridae_Coliadinae_X_Catopsilia_scylla",NA,NA,NA
"2750","Lycaenidae","Leptotes plinius",10,"Male",5,1,0.5,"BN002865_LEP46014_Lycaenidae_Polyommatinae_Polyommatini_Leptotes_cassius",0.490422033898305,0.387837096774194,0.102584937124112
"2761","Lycaenidae","Theclinesthes onycha",10,"Female",0,1,0,"BN003991_MFB00P612_Lycaenidae_Polyommatinae_Polyommatini_Theclinesthes_miskini",0.671384090909091,0.533632352941177,0.137751737967914
"2800","Lycaenidae","Nacaduba berenice",10,"Male",4,1,0.4,"BN003931_KD93C025_Lycaenidae_Polyommatinae_Polyommatini_Nacaduba_kurava",NA,0.331366666666667,NA
"1015","Lycaenidae","Lampides boeticus",10,"Female",7,1,0.7,"BN001093_BNSZS00308_Lycaenidae_Polyommatinae_Polyommatini_Lampides_boeticus",0.487775438596491,0.572590909090909,-0.084815470494418
"1025","Pieridae","Eurema smilax",10,"Female",5,1,0.5,"DRR087481_X_Pieridae_Coliadinae_X_Eurema_mandarina",0.563998076923077,0.507790196078431,0.0562078808446456
"1032","Nymphalidae","Junonia villida",10,"Female",4,1,0.4,"SRR1145747_X_Nymphalidae_Nymphalinae_Junoniini_Junonia_coenia",0.1741546875,0.553848333333333,-0.379693645833333
"1041","Lycaenidae","Lampides boeticus",10,"Male",7,1,0.7,"BN001093_BNSZS00308_Lycaenidae_Polyommatinae_Polyommatini_Lampides_boeticus",0.487775438596491,0.572590909090909,-0.084815470494418
"2774","Papilionidae","Papilio aegeus",10,"Male",2,1,0.2,"SRR5879306_X_Papilionidae_Papilioninae_Papilionini_Papilio_ambrax",0.5052453125,0.436190196078431,0.0690551164215687
"2846","Pieridae","Cepora perimale",10,"Female",5,1,0.5,"BN002330_DL16V155_Pieridae_Pierinae_Pierini_Cepora_nerissa",0.708192857142857,0.488015254237288,0.220177602905569
"2783","Pieridae","Pieris rapae",10,"Male",0,1,0,"BN007169_LEP50891_Pieridae_Pierinae_Pierini_Pieris_rapae",0.709524528301887,0.728604444444444,-0.0190799161425576
"2857","Lycaenidae","Theclinesthes onycha",10,"Female",3,1,0.3,"BN003991_MFB00P612_Lycaenidae_Polyommatinae_Polyommatini_Theclinesthes_miskini",0.671384090909091,0.533632352941177,0.137751737967914
"1076","Pieridae","Catopsilia pomona",10,"Male",7,1,0.7,"BN002319_DL13F181_Pieridae_Coliadinae_X_Catopsilia_scylla",NA,NA,NA
"2755","Papilionidae","Papilio aegeus",10,"Female",0,1,0,"SRR5879306_X_Papilionidae_Papilioninae_Papilionini_Papilio_ambrax",0.5052453125,0.436190196078431,0.0690551164215687
"2801","Lycaenidae","Leptotes plinius",10,"Female",8,1,0.8,"BN002865_LEP46014_Lycaenidae_Polyommatinae_Polyommatini_Leptotes_cassius",0.490422033898305,0.387837096774194,0.102584937124112
"LP3","Lycaenidae","Leptotes plinius",10,"Male",9,2,0.9,"BN002865_LEP46014_Lycaenidae_Polyommatinae_Polyommatini_Leptotes_cassius",0.490422033898305,0.387837096774194,0.102584937124112
"1024","Lycaenidae","Lampides boeticus",10,"Male",8,1,0.8,"BN001093_BNSZS00308_Lycaenidae_Polyommatinae_Polyommatini_Lampides_boeticus",0.487775438596491,0.572590909090909,-0.084815470494418
"2778","Papilionidae","Graphium choredon",10,"Male",2,1,0.2,"RF140004_X_Papilionidae_Papilioninae_Leptocircini_Graphium_agamemnon_X_ME",0.691863461538462,0.649664150943396,0.0421993105950653
"2779","Pieridae","Catopsilia pomona",10,"Female",0,1,0,"BN002319_DL13F181_Pieridae_Coliadinae_X_Catopsilia_scylla",NA,NA,NA
"LP2","Lycaenidae","Leptotes plinius",10,"Male",5,2,0.5,"BN002865_LEP46014_Lycaenidae_Polyommatinae_Polyommatini_Leptotes_cassius",0.490422033898305,0.387837096774194,0.102584937124112
"2773","Papilionidae","Papilio aegeus",10,"Male",2,1,0.2,"SRR5879306_X_Papilionidae_Papilioninae_Papilionini_Papilio_ambrax",0.5052453125,0.436190196078431,0.0690551164215687
"2811","Lycaenidae","Leptotes plinius",10,"Female",3,1,0.3,"BN002865_LEP46014_Lycaenidae_Polyommatinae_Polyommatini_Leptotes_cassius",0.490422033898305,0.387837096774194,0.102584937124112
"994","Pieridae","Eurema smilax",10,"Female",2,1,0.2,"DRR087481_X_Pieridae_Coliadinae_X_Eurema_mandarina",0.563998076923077,0.507790196078431,0.0562078808446456
"2831","Lycaenidae","Theclinesthes onycha",10,"Female",3,1,0.3,"BN003991_MFB00P612_Lycaenidae_Polyommatinae_Polyommatini_Theclinesthes_miskini",0.671384090909091,0.533632352941177,0.137751737967914
"1036","Lycaenidae","Lampides boeticus",10,"Male",0,1,0,"BN001093_BNSZS00308_Lycaenidae_Polyommatinae_Polyommatini_Lampides_boeticus",0.487775438596491,0.572590909090909,-0.084815470494418
"983","Pieridae","Eurema smilax",10,"Female",0,1,0,"DRR087481_X_Pieridae_Coliadinae_X_Eurema_mandarina",0.563998076923077,0.507790196078431,0.0562078808446456
"2777","Papilionidae","Graphium choredon",11,"Male",4,1,0.363636364,"RF140004_X_Papilionidae_Papilioninae_Leptocircini_Graphium_agamemnon_X_ME",0.691863461538462,0.649664150943396,0.0421993105950653
"12","Nymphalidae","Danaus affinis",10,"Female",8,1,0.8,"GCA0049599151_X_Nymphalidae_Danainae_Danaini_Danaus_chrysippus",0.418792156862745,0.514766666666667,-0.0959745098039216
"20","Nymphalidae","Cethosia cydippe",10,"Female",3,1,0.3,"BN004321_JT10K020_Nymphalidae_Heliconiinae_Acraeini_Cethosia_cydippe",0.417305454545455,0.427002127659574,-0.00969667311411992
"36","Nymphalidae","Danaus affinis",10,"Male",4,1,0.4,"GCA0049599151_X_Nymphalidae_Danainae_Danaini_Danaus_chrysippus",0.418792156862745,0.514766666666667,-0.0959745098039216
"53","Nymphalidae","Euploea tulliolus",10,"Female",0,1,0,"BN004536_HD14B023_Nymphalidae_Danainae_Danaini_Euploea_phaenareta",0.362420967741936,0.33076,0.0316609677419355
"61","Nymphalidae","Cethosia cydippe",10,"Male",1,1,0.1,"BN004321_JT10K020_Nymphalidae_Heliconiinae_Acraeini_Cethosia_cydippe",0.417305454545455,0.427002127659574,-0.00969667311411992
"28","Nymphalidae","Danaus affinis",10,"Male",7,1,0.7,"GCA0049599151_X_Nymphalidae_Danainae_Danaini_Danaus_chrysippus",0.418792156862745,0.514766666666667,-0.0959745098039216
"1868","Hesperiidae","Cephrenes augiades",10,"Female",0,1,0,"BN000246_121_Hesperiidae_Hesperiinae_Taractrocerini_Cephrenes_augiades",0.0752222222222223,0.110031034482759,-0.0348088122605364
"55","Pieridae","Delias mysis",10,"Male",0,1,0,"SRR4341246_X_Pieridae_Pierinae_Pierini_Delias_descombesi_oraia",0.563136363636364,0.697385185185185,-0.134248821548822
"18","Lycaenidae","Hypolycaena phorbas",10,"Female",5,1,0.5,"TN04X153_X_Lycaenidae_Theclinae_Hypolycaenini_Hypolycaena_phorbas_X_ME",0.536392424242424,0.623288333333333,-0.0868959090909091
"1912","Hesperiidae","Cephrenes augiades",10,"Female",1,1,0.1,"BN000246_121_Hesperiidae_Hesperiinae_Taractrocerini_Cephrenes_augiades",0.0752222222222223,0.110031034482759,-0.0348088122605364
"65","Pieridae","Delias nigrina",10,"Male",0,1,0,"SRR4341246_X_Pieridae_Pierinae_Pierini_Delias_descombesi_oraia",0.544332727272727,0.283626984126984,0.260705743145743
"47","Lycaenidae","Arhopala micale",10,"Female",6,1,0.6,"BN004507_EI16D223_Lycaenidae_Theclinae_Arhopalini_Arhopala_thamyras",0.768294642857143,0.154526984126984,0.613767658730159
"11","Nymphalidae","Danaus affinis",10,"Male",10,1,1,"GCA0049599151_X_Nymphalidae_Danainae_Danaini_Danaus_chrysippus",0.418792156862745,0.514766666666667,-0.0959745098039216
"14","Lycaenidae","Nacaduba cyanea",10,"Female",4,1,0.4,"BN003931_KD93C025_Lycaenidae_Polyommatinae_Polyommatini_Nacaduba_kurava",0.735891176470588,0.710810638297872,0.0250805381727159
"4","Hesperiidae","Notocrypta waigensis",10,"Female",0,1,0,"SRR7174518_X_Hesperiidae_Hesperiinae_Erionotini_Notocrypta_feisthamelii",0.462696,0.384441509433962,0.0782544905660377
"1884","Lycaenidae","Nacaduba cyanea",10,"Male",1,1,0.1,"BN003931_KD93C025_Lycaenidae_Polyommatinae_Polyommatini_Nacaduba_kurava",0.735891176470588,0.710810638297872,0.0250805381727159
"6","Lycaenidae","Hypolycaena phorbas",10,"Female",5,1,0.5,"TN04X153_X_Lycaenidae_Theclinae_Hypolycaenini_Hypolycaena_phorbas_X_ME",0.536392424242424,0.623288333333333,-0.0868959090909091
"79","Lycaenidae","Hypolycaena phorbas",10,"Male",4,1,0.4,"TN04X153_X_Lycaenidae_Theclinae_Hypolycaenini_Hypolycaena_phorbas_X_ME",0.536392424242424,0.623288333333333,-0.0868959090909091
"23","Lycaenidae","Nacaduba cyanea",10,"Male",2,1,0.2,"BN003931_KD93C025_Lycaenidae_Polyommatinae_Polyommatini_Nacaduba_kurava",0.735891176470588,0.710810638297872,0.0250805381727159
"1857","Hesperiidae","Notocrypta waigensis",10,"Male",0,1,0,"SRR7174518_X_Hesperiidae_Hesperiinae_Erionotini_Notocrypta_feisthamelii",0.462696,0.384441509433962,0.0782544905660377
"30","Nymphalidae","Mycalesis terminus",10,"Female",3,1,0.3,"BN004362_DL02P763_Nymphalidae_Satyrinae_Satyrini_Mycalesis_francisca",0.356050980392157,0.286649019607843,0.0694019607843138
"38","Pieridae","Cepora perimale",10,"Male",0,1,0,"BN002330_DL16V155_Pieridae_Pierinae_Pierini_Cepora_nerissa",0.708192857142857,0.488015254237288,0.220177602905569
"21","Nymphalidae","Cethosia cydippe",10,"Male",6,1,0.6,"BN004321_JT10K020_Nymphalidae_Heliconiinae_Acraeini_Cethosia_cydippe",0.417305454545455,0.427002127659574,-0.00969667311411992
"1916","Hesperiidae","Sabera caesina",10,"Male",3,1,0.3,"BN000717_310_Hesperiidae_Hesperiinae_Taractrocerini_Sabera_caesina",NA,NA,NA
"1881","Pieridae","Delias mysis",10,"Male",0,1,0,"SRR4341246_X_Pieridae_Pierinae_Pierini_Delias_descombesi_oraia",0.563136363636364,0.697385185185185,-0.134248821548822
"1920","Hesperiidae","Sabera caesina",10,"Male",0,1,0,"BN000717_310_Hesperiidae_Hesperiinae_Taractrocerini_Sabera_caesina",NA,NA,NA
"1919","Hesperiidae","Sabera caesina",10,"Male",2,1,0.2,"BN000717_310_Hesperiidae_Hesperiinae_Taractrocerini_Sabera_caesina",NA,NA,NA
"1873","Nymphalidae","Danaus affinis",10,"Male",2,1,0.2,"GCA0049599151_X_Nymphalidae_Danainae_Danaini_Danaus_chrysippus",0.418792156862745,0.514766666666667,-0.0959745098039216
"71","Pieridae","Delias mysis",10,"Male",5,1,0.5,"SRR4341246_X_Pieridae_Pierinae_Pierini_Delias_descombesi_oraia",0.563136363636364,0.697385185185185,-0.134248821548822
"1498","Nymphalidae","Hypocysta metirius",10,"Male",4,1,0.4,"BN005507_DH18R117_Nymphalidae_Satyrinae_Satyrini_Hypocysta_calypso",0.179474074074074,0.269114285714286,-0.0896402116402115
"1263","Hesperiidae","Sabera fuliginosa",10,"Male",2,1,0.2,"BN000717_310_Hesperiidae_Hesperiinae_Taractrocerini_Sabera_caesina",NA,0.275693617021277,NA
"3235","Lycaenidae","Theclinesthes onycha",10,"Male",7,1,0.7,"BN003991_MFB00P612_Lycaenidae_Polyommatinae_Polyommatini_Theclinesthes_miskini",0.671384090909091,0.533632352941177,0.137751737967914
"3319","Hesperiidae","Toxidia peron",10,"Female",0,1,0,"BN000840_111_Hesperiidae_Trapezitinae_X_Toxidia_peron",0.147526666666667,0.35182,-0.204293333333333
"1331","Nymphalidae","Hypocysta metirius",10,"Female",5,1,0.5,"BN005507_DH18R117_Nymphalidae_Satyrinae_Satyrini_Hypocysta_calypso",0.179474074074074,0.269114285714286,-0.0896402116402115
"1321","Hesperiidae","Sabera fuliginosa",10,"Male",2,1,0.2,"BN000717_310_Hesperiidae_Hesperiinae_Taractrocerini_Sabera_caesina",NA,0.275693617021277,NA
"1315","Pieridae","Belenois java",10,"Male",8,1,0.8,"BN002237_LEP46735_Pieridae_Pierinae_Pierini_Belenois_java",0.621970175438596,0.70523,-0.0832598245614036
"1443","Nymphalidae","Hypocysta metirius",10,"Male",2,1,0.2,"BN005507_DH18R117_Nymphalidae_Satyrinae_Satyrini_Hypocysta_calypso",0.179474074074074,0.269114285714286,-0.0896402116402115
"3342","Hesperiidae","Toxidia peron",10,"Female",2,1,0.2,"BN000840_111_Hesperiidae_Trapezitinae_X_Toxidia_peron",0.147526666666667,0.35182,-0.204293333333333
"1290","Pieridae","Eurema smilax",10,"Female",0,1,0,"DRR087481_X_Pieridae_Coliadinae_X_Eurema_mandarina",0.563998076923077,0.507790196078431,0.0562078808446456
"1350","Pieridae","Belenois java",10,"Female",2,1,0.2,"BN002237_LEP46735_Pieridae_Pierinae_Pierini_Belenois_java",0.621970175438596,0.70523,-0.0832598245614036
"1281","Pieridae","Belenois java",10,"Male",0,1,0,"BN002237_LEP46735_Pieridae_Pierinae_Pierini_Belenois_java",0.621970175438596,0.70523,-0.0832598245614036
"1299","Lycaenidae","Candalides absimilis",10,"Female",2,1,0.2,"RE05D052_X_Lycaenidae_Theclinae_Candalidini_Candalides_xanthospilos_X_ME",0.707786363636364,0.688629824561404,0.0191565390749602
"1302","Pieridae","Delias nigrina",10,"Male",0,1,0,"SRR4341246_X_Pieridae_Pierinae_Pierini_Delias_descombesi_oraia",0.544332727272727,0.283626984126984,0.260705743145743
"3219","Nymphalidae","Euploea corinna",10,"Male",2,1,0.2,"BN004536_HD14B023_Nymphalidae_Danainae_Danaini_Euploea_phaenareta",0.415918,0.495789655172414,-0.0798716551724138
"3225","Hesperiidae","Trapezites symmomus",10,"Female",0,1,0,"BN000850_89_Hesperiidae_Trapezitinae_X_Trapezites_symmomus",0.0908371428571428,0.222654237288136,-0.131817094430993
"3231","Lycaenidae","Leptotes plinius",10,"Female",10,1,1,"BN002865_LEP46014_Lycaenidae_Polyommatinae_Polyommatini_Leptotes_cassius",0.490422033898305,0.387837096774194,0.102584937124112
"3124","Nymphalidae","Euploea corinna",10,"Male",0,1,0,"BN004536_HD14B023_Nymphalidae_Danainae_Danaini_Euploea_phaenareta",0.415918,0.495789655172414,-0.0798716551724138
"1482","Pieridae","Delias nigrina",10,"Male",0,1,0,"SRR4341246_X_Pieridae_Pierinae_Pierini_Delias_descombesi_oraia",0.544332727272727,0.283626984126984,0.260705743145743
"3168","Nymphalidae","Hypocysta metirius",10,"Male",5,1,0.5,"BN005507_DH18R117_Nymphalidae_Satyrinae_Satyrini_Hypocysta_calypso",0.179474074074074,0.269114285714286,-0.0896402116402115
"1385","Nymphalidae","Melanitis leda",10,"Female",0,1,0,"ME11B073_X_Nymphalidae_Satyrinae_Melanitini_Melanitis_leda_X_ME",0.287288372093023,0.090121875,0.197166497093023
"1439","Pieridae","Eurema smilax",10,"Male",4,1,0.4,"DRR087481_X_Pieridae_Coliadinae_X_Eurema_mandarina",0.563998076923077,0.507790196078431,0.0562078808446456
"3226","Hesperiidae","Ocybadistes walkeri",10,"Female",3,1,0.3,"BN000549_127_Hesperiidae_Hesperiinae_Taractrocerini_Ocybadistes_walkeri",0.0825531914893618,0.33149,-0.248936808510638
"1441","Nymphalidae","Hypocysta metirius",10,"Male",2,1,0.2,"BN005507_DH18R117_Nymphalidae_Satyrinae_Satyrini_Hypocysta_calypso",0.179474074074074,0.269114285714286,-0.0896402116402115
"3122","Nymphalidae","Melanitis leda",10,"Female",0,1,0,"ME11B073_X_Nymphalidae_Satyrinae_Melanitini_Melanitis_leda_X_ME",0.287288372093023,0.090121875,0.197166497093023
"1358","Nymphalidae","Hypolimnas bolina",10,"Male",2,1,0.2,"BN007178_LEP37028B_Nymphalidae_Nymphalinae_Kallimini_Hypolimnas_bolina",NA,NA,NA
"1469","Nymphalidae","Hypocysta metirius",10,"Male",4,1,0.4,"BN005507_DH18R117_Nymphalidae_Satyrinae_Satyrini_Hypocysta_calypso",0.179474074074074,0.269114285714286,-0.0896402116402115
"1368","Nymphalidae","Euploea corinna",10,"Female",6,1,0.6,"BN004536_HD14B023_Nymphalidae_Danainae_Danaini_Euploea_phaenareta",0.415918,0.495789655172414,-0.0798716551724138
"1391","Papilionidae","Papilio aegeus",10,"Male",0,1,0,"SRR5879306_X_Papilionidae_Papilioninae_Papilionini_Papilio_ambrax",0.5052453125,0.436190196078431,0.0690551164215687
"1404","Pieridae","Eurema smilax",10,"Male",4,1,0.4,"DRR087481_X_Pieridae_Coliadinae_X_Eurema_mandarina",0.563998076923077,0.507790196078431,0.0562078808446456
"3433","Hesperiidae","Toxidia peron",10,"Male",4,1,0.4,"BN000840_111_Hesperiidae_Trapezitinae_X_Toxidia_peron",0.147526666666667,0.35182,-0.204293333333333
"3134","Hesperiidae","Toxidia peron",10,"Male",1,1,0.1,"BN000840_111_Hesperiidae_Trapezitinae_X_Toxidia_peron",0.147526666666667,0.35182,-0.204293333333333
"3142","Lycaenidae","Theclinesthes onycha",10,"Male",8,1,0.8,"BN003991_MFB00P612_Lycaenidae_Polyommatinae_Polyommatini_Theclinesthes_miskini",0.671384090909091,0.533632352941177,0.137751737967914
"1408","Hesperiidae","Sabera fuliginosa",10,"Male",0,1,0,"BN000717_310_Hesperiidae_Hesperiinae_Taractrocerini_Sabera_caesina",NA,0.275693617021277,NA
"3437","Nymphalidae","Melanitis leda",10,"Female",1,1,0.1,"ME11B073_X_Nymphalidae_Satyrinae_Melanitini_Melanitis_leda_X_ME",0.287288372093023,0.090121875,0.197166497093023
"1417","Pieridae","Eurema smilax",10,"Male",3,1,0.3,"DRR087481_X_Pieridae_Coliadinae_X_Eurema_mandarina",0.563998076923077,0.507790196078431,0.0562078808446456
"1397","Nymphalidae","Hypocysta metirius",10,"Male",1,1,0.1,"BN005507_DH18R117_Nymphalidae_Satyrinae_Satyrini_Hypocysta_calypso",0.179474074074074,0.269114285714286,-0.0896402116402115
"3371","Nymphalidae","Euploea corinna",10,"Male",5,1,0.5,"BN004536_HD14B023_Nymphalidae_Danainae_Danaini_Euploea_phaenareta",0.415918,0.495789655172414,-0.0798716551724138
"LP5","Lycaenidae","Leptotes plinius",10,"Male",3,2,0.3,"BN002865_LEP46014_Lycaenidae_Polyommatinae_Polyommatini_Leptotes_cassius",0.490422033898305,0.387837096774194,0.102584937124112
"3140","Lycaenidae","Nacaduba berenice",10,"Female",2,1,0.2,"BN003931_KD93C025_Lycaenidae_Polyommatinae_Polyommatini_Nacaduba_kurava",NA,0.331366666666667,NA
"3139","Lycaenidae","Theclinesthes onycha",10,"Female",7,1,0.7,"BN003991_MFB00P612_Lycaenidae_Polyommatinae_Polyommatini_Theclinesthes_miskini",0.671384090909091,0.533632352941177,0.137751737967914
"3435","Nymphalidae","Melanitis leda",10,"Female",1,1,0.1,"ME11B073_X_Nymphalidae_Satyrinae_Melanitini_Melanitis_leda_X_ME",0.287288372093023,0.090121875,0.197166497093023
"3141","Lycaenidae","Theclinesthes onycha",10,"Male",10,1,1,"BN003991_MFB00P612_Lycaenidae_Polyommatinae_Polyommatini_Theclinesthes_miskini",0.671384090909091,0.533632352941177,0.137751737967914
"2298","Nymphalidae","Cupha prosope",10,"Male",9,1,0.9,"BN004461_DL16V317_Nymphalidae_Heliconiinae_Vagrantini_Cupha_erymanthis",NA,NA,NA
"724","Nymphalidae","Pantoporia consimilis",10,"Female",10,1,1,"BN003337_DL16V052_Nymphalidae_Limenitidinae_Neptini_Pantoporia_hordonia",0.33145,0.357081132075472,-0.0256311320754716
"737","Hesperiidae","Pelopidas agna",10,"Male",8,1,0.8,"ME12C211_X_Hesperiidae_Hesperiinae_Baorini_Pelopidas_mathias_X_ME",0.115526785714286,0.266247368421053,-0.150720582706767
"684","Nymphalidae","Pantoporia consimilis",10,"Female",1,1,0.1,"BN003337_DL16V052_Nymphalidae_Limenitidinae_Neptini_Pantoporia_hordonia",0.33145,0.357081132075472,-0.0256311320754716
"2231","Nymphalidae","Cupha prosope",10,"Female",2,1,0.2,"BN004461_DL16V317_Nymphalidae_Heliconiinae_Vagrantini_Cupha_erymanthis",NA,NA,NA
"2708","Hesperiidae","Cephrenes augiades",10,"Female",0,1,0,"BN000246_121_Hesperiidae_Hesperiinae_Taractrocerini_Cephrenes_augiades",0.0752222222222223,0.110031034482759,-0.0348088122605364
"2254","Hesperiidae","Suniana sunias",10,"Female",1,1,0.1,"BN000778_380_Hesperiidae_Hesperiinae_Taractrocerini_Suniana_sunias",0.0850190476190477,0.190532608695652,-0.105513561076605
"2680","Nymphalidae","Hypolimnas bolina",10,"Male",0,1,0,"BN007178_LEP37028B_Nymphalidae_Nymphalinae_Kallimini_Hypolimnas_bolina",NA,NA,NA
"753","Nymphalidae","Melanitis leda",10,"Male",4,1,0.4,"ME11B073_X_Nymphalidae_Satyrinae_Melanitini_Melanitis_leda_X_ME",0.287288372093023,0.090121875,0.197166497093023
"685","Lycaenidae","Psychonotis caelius",10,"Male",7,1,0.7,"BN003844_KD94R072_Lycaenidae_Polyommatinae_Polyommatini_Psychonotis_caelius",NA,NA,NA
"672","Hesperiidae","Sabera caesina",10,"Female",3,1,0.3,"BN000717_310_Hesperiidae_Hesperiinae_Taractrocerini_Sabera_caesina",NA,NA,NA
"2309","Lycaenidae","Nacaduba cyanea",10,"Male",0,1,0,"BN003931_KD93C025_Lycaenidae_Polyommatinae_Polyommatini_Nacaduba_kurava",0.735891176470588,0.710810638297872,0.0250805381727159
"620","Nymphalidae","Cupha prosope",10,"Female",8,1,0.8,"BN004461_DL16V317_Nymphalidae_Heliconiinae_Vagrantini_Cupha_erymanthis",NA,NA,NA
"668","Pieridae","Delias mysis",10,"Male",5,1,0.5,"SRR4341246_X_Pieridae_Pierinae_Pierini_Delias_descombesi_oraia",0.563136363636364,0.697385185185185,-0.134248821548822
"2678","Pieridae","Delias mysis",10,"Male",1,1,0.1,"SRR4341246_X_Pieridae_Pierinae_Pierini_Delias_descombesi_oraia",0.563136363636364,0.697385185185185,-0.134248821548822
"706","Hesperiidae","Arrhenes dschilus",10,"Male",0,1,0,"BN000141_311_Hesperiidae_Hesperiinae_Taractrocerini_Arrhenes_dschilus",0.0697023255813954,0.076350909090909,-0.00664858350951358
"2183","Hesperiidae","Pelopidas agna",10,"Male",7,1,0.7,"ME12C211_X_Hesperiidae_Hesperiinae_Baorini_Pelopidas_mathias_X_ME",0.115526785714286,0.266247368421053,-0.150720582706767
"617","Nymphalidae","Euploea tulliolus",10,"Female",6,1,0.6,"BN004536_HD14B023_Nymphalidae_Danainae_Danaini_Euploea_phaenareta",0.362420967741936,0.33076,0.0316609677419355
"728","Nymphalidae","Pantoporia consimilis",10,"Female",5,1,0.5,"BN003337_DL16V052_Nymphalidae_Limenitidinae_Neptini_Pantoporia_hordonia",0.33145,0.357081132075472,-0.0256311320754716
"623","Nymphalidae","Pantoporia consimilis",10,"Female",3,1,0.3,"BN003337_DL16V052_Nymphalidae_Limenitidinae_Neptini_Pantoporia_hordonia",0.33145,0.357081132075472,-0.0256311320754716
"2193","Nymphalidae","Mycalesis perseus",10,"Female",0,1,0,"BN004362_DL02P763_Nymphalidae_Satyrinae_Satyrini_Mycalesis_francisca",0.247368421052632,0.20746,0.0399084210526315
"2699","Hesperiidae","Suniana sunias",10,"Male",0,1,0,"BN000778_380_Hesperiidae_Hesperiinae_Taractrocerini_Suniana_sunias",0.0850190476190477,0.190532608695652,-0.105513561076605
"670","Nymphalidae","Pantoporia consimilis",10,"Female",8,1,0.8,"BN003337_DL16V052_Nymphalidae_Limenitidinae_Neptini_Pantoporia_hordonia",0.33145,0.357081132075472,-0.0256311320754716
"674","Nymphalidae","Pantoporia consimilis",10,"Female",7,1,0.7,"BN003337_DL16V052_Nymphalidae_Limenitidinae_Neptini_Pantoporia_hordonia",0.33145,0.357081132075472,-0.0256311320754716
"2224","Nymphalidae","Pantoporia consimilis",10,"Female",1,1,0.1,"BN003337_DL16V052_Nymphalidae_Limenitidinae_Neptini_Pantoporia_hordonia",0.33145,0.357081132075472,-0.0256311320754716
"2194","Nymphalidae","Cupha prosope",10,"Female",4,1,0.4,"BN004461_DL16V317_Nymphalidae_Heliconiinae_Vagrantini_Cupha_erymanthis",NA,NA,NA
"4228","Nymphalidae","Mycalesis terminus",10,"Male",0,1,0,"BN004362_DL02P763_Nymphalidae_Satyrinae_Satyrini_Mycalesis_francisca",0.356050980392157,0.286649019607843,0.0694019607843138
"740","Hesperiidae","Arrhenes dschilus",10,"Female",2,1,0.2,"BN000141_311_Hesperiidae_Hesperiinae_Taractrocerini_Arrhenes_dschilus",0.0697023255813954,0.076350909090909,-0.00664858350951358
"747","Hesperiidae","Notocrypta waigensis",10,"Male",0,1,0,"SRR7174518_X_Hesperiidae_Hesperiinae_Erionotini_Notocrypta_feisthamelii",0.462696,0.384441509433962,0.0782544905660377
"656","Nymphalidae","Cupha prosope",10,"Female",0,1,0,"BN004461_DL16V317_Nymphalidae_Heliconiinae_Vagrantini_Cupha_erymanthis",NA,NA,NA
"3635","Lycaenidae","Candalides hyacinthinus",10,"Male",2,1,0.2,"RE05D052_X_Lycaenidae_Theclinae_Candalidini_Candalides_xanthospilos_X_ME",NA,NA,NA
"3636","Lycaenidae","Candalides hyacinthinus",10,"Male",1,1,0.1,"RE05D052_X_Lycaenidae_Theclinae_Candalidini_Candalides_xanthospilos_X_ME",NA,NA,NA
"3707","Nymphalidae","Tisiphone abeona",13,"Male",3,1,0.230769231,"BN003853_RE05C007_Nymphalidae_Satyrinae_Satyrini_Tisiphone_abeona",0.333321538461538,0.30099,0.0323315384615385
"3714","Hesperiidae","Mesodina halyzia",10,"Male",0,1,0,"BN000481_115_Hesperiidae_Trapezitinae_X_Mesodina_halyzia",NA,0.168473684210526,NA
"3724","Lycaenidae","Candalides hyacinthinus",10,"Male",0,1,0,"RE05D052_X_Lycaenidae_Theclinae_Candalidini_Candalides_xanthospilos_X_ME",NA,NA,NA
"3678","Nymphalidae","Tisiphone abeona",10,"Male",1,1,0.1,"BN003853_RE05C007_Nymphalidae_Satyrinae_Satyrini_Tisiphone_abeona",0.333321538461538,0.30099,0.0323315384615385
"3644","Nymphalidae","Junonia villida",10,"Female",3,1,0.3,"SRR1145747_X_Nymphalidae_Nymphalinae_Junoniini_Junonia_coenia",0.1741546875,0.553848333333333,-0.379693645833333
"3713","Hesperiidae","Toxidia peron",10,"Female",2,1,0.2,"BN000840_111_Hesperiidae_Trapezitinae_X_Toxidia_peron",0.147526666666667,0.35182,-0.204293333333333
"3698","Nymphalidae","Vanessa kershawi",10,"Female",2,1,0.2,"BN007174_LEP28963_Nymphalidae_Nymphalinae_Nymphalini_Vanessa_indica",0.26030701754386,0.214242857142857,0.0460641604010025
"3725","Lycaenidae","Candalides hyacinthinus",10,"Male",3,1,0.3,"RE05D052_X_Lycaenidae_Theclinae_Candalidini_Candalides_xanthospilos_X_ME",NA,NA,NA
"3712","Hesperiidae","Mesodina halyzia",10,"Male",1,1,0.1,"BN000481_115_Hesperiidae_Trapezitinae_X_Mesodina_halyzia",NA,0.168473684210526,NA
"3643","Nymphalidae","Junonia villida",10,"Female",0,1,0,"SRR1145747_X_Nymphalidae_Nymphalinae_Junoniini_Junonia_coenia",0.1741546875,0.553848333333333,-0.379693645833333
"3621","Hesperiidae","Toxidia peron",10,"Male",0,1,0,"BN000840_111_Hesperiidae_Trapezitinae_X_Toxidia_peron",0.147526666666667,0.35182,-0.204293333333333
"3677","Nymphalidae","Tisiphone abeona",10,"Male",1,1,0.1,"BN003853_RE05C007_Nymphalidae_Satyrinae_Satyrini_Tisiphone_abeona",0.333321538461538,0.30099,0.0323315384615385
"3699","Lycaenidae","Candalides hyacinthinus",10,"Male",0,1,0,"RE05D052_X_Lycaenidae_Theclinae_Candalidini_Candalides_xanthospilos_X_ME",NA,NA,NA
"3679","Nymphalidae","Tisiphone abeona",10,"Male",0,1,0,"BN003853_RE05C007_Nymphalidae_Satyrinae_Satyrini_Tisiphone_abeona",0.333321538461538,0.30099,0.0323315384615385
"3641","Hesperiidae","Toxidia peron",10,"Male",0,1,0,"BN000840_111_Hesperiidae_Trapezitinae_X_Toxidia_peron",0.147526666666667,0.35182,-0.204293333333333
"3711","Hesperiidae","Mesodina halyzia",10,"Male",3,1,0.3,"BN000481_115_Hesperiidae_Trapezitinae_X_Mesodina_halyzia",NA,0.168473684210526,NA
"229","Nymphalidae","Pantoporia consimilis",10,"Female",2,1,0.2,"BN003337_DL16V052_Nymphalidae_Limenitidinae_Neptini_Pantoporia_hordonia",0.33145,0.357081132075472,-0.0256311320754716
"234","Lycaenidae","Psychonotis caelius",10,"Female",2,1,0.2,"BN003844_KD94R072_Lycaenidae_Polyommatinae_Polyommatini_Psychonotis_caelius",NA,NA,NA
"228","Nymphalidae","Mycalesis terminus",10,"Male",6,1,0.6,"BN004362_DL02P763_Nymphalidae_Satyrinae_Satyrini_Mycalesis_francisca",0.356050980392157,0.286649019607843,0.0694019607843138
"2289","Nymphalidae","Mycalesis terminus",10,"Female",1,1,0.1,"BN004362_DL02P763_Nymphalidae_Satyrinae_Satyrini_Mycalesis_francisca",0.356050980392157,0.286649019607843,0.0694019607843138
"107","Lycaenidae","Jamides aleuas",10,"Female",7,1,0.7,"BN004877_YI16P075_Lycaenidae_Polyommatinae_Polyommatini_Jamides_bochus",NA,NA,NA
"137","Nymphalidae","Mycalesis perseus",10,"Female",2,1,0.2,"BN004362_DL02P763_Nymphalidae_Satyrinae_Satyrini_Mycalesis_francisca",0.247368421052632,0.20746,0.0399084210526315
"2115","Hesperiidae","Pelopidas agna",10,"Male",1,1,0.1,"ME12C211_X_Hesperiidae_Hesperiinae_Baorini_Pelopidas_mathias_X_ME",0.115526785714286,0.266247368421053,-0.150720582706767
"335","Hesperiidae","Sabera caesina",10,"Female",3,1,0.3,"BN000717_310_Hesperiidae_Hesperiinae_Taractrocerini_Sabera_caesina",NA,NA,NA
"2095","Nymphalidae","Ypthima arctous",10,"Female",0,1,0,"LEP25269_X_Nymphalidae_Satyrinae_Satyrini_Ypthima_argus_X_ME",0.234603703703704,0.307585106382979,-0.072981402679275
"2021","Hesperiidae","Pelopidas agna",10,"Male",5,1,0.5,"ME12C211_X_Hesperiidae_Hesperiinae_Baorini_Pelopidas_mathias_X_ME",0.115526785714286,0.266247368421053,-0.150720582706767
"2280","Hesperiidae","Telicota ancilla",10,"Female",0,1,0,"BN000803_LEP37050_Hesperiidae_Hesperiinae_Taractrocerini_Telicota_augias_augias",0.321272881355932,0.326772222222222,-0.00549934086629011
"261","Nymphalidae","Cupha prosope",10,"Female",6,1,0.6,"BN004461_DL16V317_Nymphalidae_Heliconiinae_Vagrantini_Cupha_erymanthis",NA,NA,NA
"270","Pieridae","Catopsilia pomona",10,"Female",1,1,0.1,"BN002319_DL13F181_Pieridae_Coliadinae_X_Catopsilia_scylla",NA,NA,NA
"237","Lycaenidae","Psychonotis caelius",10,"Female",1,1,0.1,"BN003844_KD94R072_Lycaenidae_Polyommatinae_Polyommatini_Psychonotis_caelius",NA,NA,NA
"1985","Pieridae","Eurema laeta",10,"Female",0,1,0,"DRR087481_X_Pieridae_Coliadinae_X_Eurema_mandarina",0.555508333333333,0.491258181818182,0.0642501515151515
"2209","Nymphalidae","Melanitis leda",10,"Female",0,1,0,"ME11B073_X_Nymphalidae_Satyrinae_Melanitini_Melanitis_leda_X_ME",0.287288372093023,0.090121875,0.197166497093023
"2000","Nymphalidae","Mycalesis terminus",10,"Male",1,1,0.1,"BN004362_DL02P763_Nymphalidae_Satyrinae_Satyrini_Mycalesis_francisca",0.356050980392157,0.286649019607843,0.0694019607843138
"2011","Hesperiidae","Telicota mesoptis",10,"Male",4,1,0.4,"BN000803_LEP37050_Hesperiidae_Hesperiinae_Taractrocerini_Telicota_augias_augias",0.178954545454545,0.0848606557377048,0.0940938897168405
"2013","Hesperiidae","Telicota mesoptis",10,"Female",3,1,0.3,"BN000803_LEP37050_Hesperiidae_Hesperiinae_Taractrocerini_Telicota_augias_augias",0.178954545454545,0.0848606557377048,0.0940938897168405
"336","Hesperiidae","Suniana sunias",10,"Male",2,1,0.2,"BN000778_380_Hesperiidae_Hesperiinae_Taractrocerini_Suniana_sunias",0.0850190476190477,0.190532608695652,-0.105513561076605
"2022","Hesperiidae","Arrhenes dschilus",10,"Female",0,1,0,"BN000141_311_Hesperiidae_Hesperiinae_Taractrocerini_Arrhenes_dschilus",0.0697023255813954,0.076350909090909,-0.00664858350951358
"2142","Hesperiidae","Pelopidas agna",10,"Male",3,1,0.3,"ME12C211_X_Hesperiidae_Hesperiinae_Baorini_Pelopidas_mathias_X_ME",0.115526785714286,0.266247368421053,-0.150720582706767
"2144","Hesperiidae","Suniana sunias",10,"Female",1,1,0.1,"BN000778_380_Hesperiidae_Hesperiinae_Taractrocerini_Suniana_sunias",0.0850190476190477,0.190532608695652,-0.105513561076605
"2056","Nymphalidae","Euploea tulliolus",10,"Female",2,1,0.2,"BN004536_HD14B023_Nymphalidae_Danainae_Danaini_Euploea_phaenareta",0.362420967741936,0.33076,0.0316609677419355
"2065","Pieridae","Eurema hecabe",10,"Male",0,1,0,"DRR087481_X_Pieridae_Coliadinae_X_Eurema_mandarina",0.639188679245283,0.567830188679245,0.0713584905660377
"2116","Hesperiidae","Pelopidas agna",10,"Male",2,1,0.2,"ME12C211_X_Hesperiidae_Hesperiinae_Baorini_Pelopidas_mathias_X_ME",0.115526785714286,0.266247368421053,-0.150720582706767
"2087","Hesperiidae","Telicota mesoptis",10,"Male",10,1,1,"BN000803_LEP37050_Hesperiidae_Hesperiinae_Taractrocerini_Telicota_augias_augias",0.178954545454545,0.0848606557377048,0.0940938897168405
"2204","Hesperiidae","Telicota mesoptis",10,"Male",0,1,0,"BN000803_LEP37050_Hesperiidae_Hesperiinae_Taractrocerini_Telicota_augias_augias",0.178954545454545,0.0848606557377048,0.0940938897168405
"160","Nymphalidae","Junonia hedonia",10,"Female",5,1,0.5,"SRR1145747_X_Nymphalidae_Nymphalinae_Junoniini_Junonia_coenia",0.244852542372881,0.173581034482759,0.0712715078901226
"4233","Nymphalidae","Mycalesis perseus",10,"Male",2,1,0.2,"BN004362_DL02P763_Nymphalidae_Satyrinae_Satyrini_Mycalesis_francisca",0.247368421052632,0.20746,0.0399084210526315
"2010","Hesperiidae","Telicota mesoptis",11,"Male",3,1,0.272727273,"BN000803_LEP37050_Hesperiidae_Hesperiinae_Taractrocerini_Telicota_augias_augias",0.178954545454545,0.0848606557377048,0.0940938897168405
"2129","Hesperiidae","Telicota mesoptis",10,"Male",9,1,0.9,"BN000803_LEP37050_Hesperiidae_Hesperiinae_Taractrocerini_Telicota_augias_augias",0.178954545454545,0.0848606557377048,0.0940938897168405
"2023","Hesperiidae","Arrhenes dschilus",10,"Female",0,1,0,"BN000141_311_Hesperiidae_Hesperiinae_Taractrocerini_Arrhenes_dschilus",0.0697023255813954,0.076350909090909,-0.00664858350951358
"218","Hesperiidae","Telicota mesoptis",10,"Female",1,1,0.1,"BN000803_LEP37050_Hesperiidae_Hesperiinae_Taractrocerini_Telicota_augias_augias",0.178954545454545,0.0848606557377048,0.0940938897168405
"2075","Hesperiidae","Pelopidas agna",10,"Male",4,1,0.4,"ME12C211_X_Hesperiidae_Hesperiinae_Baorini_Pelopidas_mathias_X_ME",0.115526785714286,0.266247368421053,-0.150720582706767
"219","Lycaenidae","Jamides aleuas",10,"Male",8,1,0.8,"BN004877_YI16P075_Lycaenidae_Polyommatinae_Polyommatini_Jamides_bochus",NA,NA,NA
"216","Hesperiidae","Telicota mesoptis",10,"Female",0,1,0,"BN000803_LEP37050_Hesperiidae_Hesperiinae_Taractrocerini_Telicota_augias_augias",0.178954545454545,0.0848606557377048,0.0940938897168405
"263","Nymphalidae","Pantoporia consimilis",10,"Female",10,1,1,"BN003337_DL16V052_Nymphalidae_Limenitidinae_Neptini_Pantoporia_hordonia",0.33145,0.357081132075472,-0.0256311320754716
"96","Pieridae","Eurema laeta",10,"Male",0,1,0,"DRR087481_X_Pieridae_Coliadinae_X_Eurema_mandarina",0.555508333333333,0.491258181818182,0.0642501515151515
"2174","Hesperiidae","Arrhenes dschilus",10,"Male",2,1,0.2,"BN000141_311_Hesperiidae_Hesperiinae_Taractrocerini_Arrhenes_dschilus",0.0697023255813954,0.076350909090909,-0.00664858350951358
"2179","Nymphalidae","Mycalesis perseus",10,"Female",0,1,0,"BN004362_DL02P763_Nymphalidae_Satyrinae_Satyrini_Mycalesis_francisca",0.247368421052632,0.20746,0.0399084210526315
"2141","Hesperiidae","Telicota mesoptis",10,"Male",9,1,0.9,"BN000803_LEP37050_Hesperiidae_Hesperiinae_Taractrocerini_Telicota_augias_augias",0.178954545454545,0.0848606557377048,0.0940938897168405
"2207","Hesperiidae","Arrhenes dschilus",10,"Male",1,1,0.1,"BN000141_311_Hesperiidae_Hesperiinae_Taractrocerini_Arrhenes_dschilus",0.0697023255813954,0.076350909090909,-0.00664858350951358
"2208","Hesperiidae","Pelopidas lyelli",10,"Male",5,1,0.5,"ME12C211_X_Hesperiidae_Hesperiinae_Baorini_Pelopidas_mathias_X_ME",NA,0.16765,NA
"271","Hesperiidae","Sabera caesina",10,"Female",1,1,0.1,"BN000717_310_Hesperiidae_Hesperiinae_Taractrocerini_Sabera_caesina",NA,NA,NA
"2123","Hesperiidae","Suniana sunias",10,"Male",0,1,0,"BN000778_380_Hesperiidae_Hesperiinae_Taractrocerini_Suniana_sunias",0.0850190476190477,0.190532608695652,-0.105513561076605
"316","Lycaenidae","Jamides aleuas",10,"Male",9,1,0.9,"BN004877_YI16P075_Lycaenidae_Polyommatinae_Polyommatini_Jamides_bochus",NA,NA,NA
"2130","Hesperiidae","Telicota mesoptis",10,"Female",0,1,0,"BN000803_LEP37050_Hesperiidae_Hesperiinae_Taractrocerini_Telicota_augias_augias",0.178954545454545,0.0848606557377048,0.0940938897168405
"2062","Pieridae","Eurema laeta",10,"Male",0,1,0,"DRR087481_X_Pieridae_Coliadinae_X_Eurema_mandarina",0.555508333333333,0.491258181818182,0.0642501515151515
"249","Lycaenidae","Jamides aleuas",11,"Female",4,1,0.363636364,"BN004877_YI16P075_Lycaenidae_Polyommatinae_Polyommatini_Jamides_bochus",NA,NA,NA
"295","Hesperiidae","Sabera caesina",10,"Female",0,1,0,"BN000717_310_Hesperiidae_Hesperiinae_Taractrocerini_Sabera_caesina",NA,NA,NA
"2055","Nymphalidae","Melanitis leda",10,"Female",0,1,0,"ME11B073_X_Nymphalidae_Satyrinae_Melanitini_Melanitis_leda_X_ME",0.287288372093023,0.090121875,0.197166497093023
"2117","Hesperiidae","Pelopidas agna",10,"Male",9,1,0.9,"ME12C211_X_Hesperiidae_Hesperiinae_Baorini_Pelopidas_mathias_X_ME",0.115526785714286,0.266247368421053,-0.150720582706767
"93","Pieridae","Eurema hecabe",10,"Male",7,1,0.7,"DRR087481_X_Pieridae_Coliadinae_X_Eurema_mandarina",0.639188679245283,0.567830188679245,0.0713584905660377
"162","Nymphalidae","Junonia hedonia",10,"Male",0,1,0,"SRR1145747_X_Nymphalidae_Nymphalinae_Junoniini_Junonia_coenia",0.244852542372881,0.173581034482759,0.0712715078901226
"1638","Nymphalidae","Heteronympha merope",10,"Male",1,1,0.1,"BN001816_DL14E002_Nymphalidae_Satyrinae_Satyrini_Heteronympha_merope",0.258878571428572,0.397730769230769,-0.138852197802198
"1615","Nymphalidae","Heteronympha merope",10,"Male",7,1,0.7,"BN001816_DL14E002_Nymphalidae_Satyrinae_Satyrini_Heteronympha_merope",0.258878571428572,0.397730769230769,-0.138852197802198
"1697","Nymphalidae","Tisiphone abeona",10,"Female",0,1,0,"BN003853_RE05C007_Nymphalidae_Satyrinae_Satyrini_Tisiphone_abeona",0.333321538461538,0.30099,0.0323315384615385
"1650","Nymphalidae","Heteronympha mirifica",10,"Male",1,1,0.1,"BN001816_DL14E002_Nymphalidae_Satyrinae_Satyrini_Heteronympha_merope",0.435859259259259,0.174855,0.261004259259259
"1681","Nymphalidae","Heteronympha merope",10,"Male",1,1,0.1,"BN001816_DL14E002_Nymphalidae_Satyrinae_Satyrini_Heteronympha_merope",0.258878571428572,0.397730769230769,-0.138852197802198
"1648","Nymphalidae","Heteronympha mirifica",10,"Male",1,1,0.1,"BN001816_DL14E002_Nymphalidae_Satyrinae_Satyrini_Heteronympha_merope",0.435859259259259,0.174855,0.261004259259259
"1766","Nymphalidae","Tisiphone abeona",10,"Male",0,1,0,"BN003853_RE05C007_Nymphalidae_Satyrinae_Satyrini_Tisiphone_abeona",0.333321538461538,0.30099,0.0323315384615385
"1641","Hesperiidae","Telicota ancilla",10,"Male",3,1,0.3,"BN000803_LEP37050_Hesperiidae_Hesperiinae_Taractrocerini_Telicota_augias_augias",0.321272881355932,0.326772222222222,-0.00549934086629011
"1687","Hesperiidae","Ocybadistes walkeri",10,"Male",3,1,0.3,"BN000549_127_Hesperiidae_Hesperiinae_Taractrocerini_Ocybadistes_walkeri",0.0825531914893618,0.33149,-0.248936808510638
"1628","Nymphalidae","Tisiphone abeona",10,"Female",0,1,0,"BN003853_RE05C007_Nymphalidae_Satyrinae_Satyrini_Tisiphone_abeona",0.333321538461538,0.30099,0.0323315384615385
"1695","Nymphalidae","Tisiphone abeona",10,"Male",3,1,0.3,"BN003853_RE05C007_Nymphalidae_Satyrinae_Satyrini_Tisiphone_abeona",0.333321538461538,0.30099,0.0323315384615385
"1728","Nymphalidae","Tisiphone abeona",10,"Male",1,1,0.1,"BN003853_RE05C007_Nymphalidae_Satyrinae_Satyrini_Tisiphone_abeona",0.333321538461538,0.30099,0.0323315384615385
"1683","Nymphalidae","Hypocysta metirius",10,"Male",5,1,0.5,"BN005507_DH18R117_Nymphalidae_Satyrinae_Satyrini_Hypocysta_calypso",0.179474074074074,0.269114285714286,-0.0896402116402115
"1680","Nymphalidae","Hypocysta metirius",10,"Male",2,1,0.2,"BN005507_DH18R117_Nymphalidae_Satyrinae_Satyrini_Hypocysta_calypso",0.179474074074074,0.269114285714286,-0.0896402116402115
"1656","Nymphalidae","Heteronympha mirifica",10,"Male",4,1,0.4,"BN001816_DL14E002_Nymphalidae_Satyrinae_Satyrini_Heteronympha_merope",0.435859259259259,0.174855,0.261004259259259
"1651","Hesperiidae","Telicota ancilla",10,"Female",2,1,0.2,"BN000803_LEP37050_Hesperiidae_Hesperiinae_Taractrocerini_Telicota_augias_augias",0.321272881355932,0.326772222222222,-0.00549934086629011
"1726","Nymphalidae","Tisiphone abeona",10,"Male",1,1,0.1,"BN003853_RE05C007_Nymphalidae_Satyrinae_Satyrini_Tisiphone_abeona",0.333321538461538,0.30099,0.0323315384615385
"1679","Hesperiidae","Telicota ancilla",10,"Female",0,1,0,"BN000803_LEP37050_Hesperiidae_Hesperiinae_Taractrocerini_Telicota_augias_augias",0.321272881355932,0.326772222222222,-0.00549934086629011
"1730","Nymphalidae","Heteronympha merope",10,"Male",9,1,0.9,"BN001816_DL14E002_Nymphalidae_Satyrinae_Satyrini_Heteronympha_merope",0.258878571428572,0.397730769230769,-0.138852197802198
"1662","Nymphalidae","Ypthima arctous",10,"Male",2,1,0.2,"LEP25269_X_Nymphalidae_Satyrinae_Satyrini_Ypthima_argus_X_ME",0.234603703703704,0.307585106382979,-0.072981402679275
"1758","Nymphalidae","Hypocysta metirius",10,"Male",7,1,0.7,"BN005507_DH18R117_Nymphalidae_Satyrinae_Satyrini_Hypocysta_calypso",0.179474074074074,0.269114285714286,-0.0896402116402115
"3025","Nymphalidae","Danaus petilia",10,"Male",3,1,0.3,"GCA0049599151_X_Nymphalidae_Danainae_Danaini_Danaus_chrysippus",0.453388235294118,0.450413636363636,0.00297459893048124
"1167","Nymphalidae","Danaus plexippus",10,"Female",10,1,1,"DanausR_X_Nymphalidae_Danainae_Danaini_Danaus_plexippus",0.339136206896552,0.563555102040816,-0.224418895144264
"1240","Lycaenidae","Lampides boeticus",10,"Female",7,1,0.7,"BN001093_BNSZS00308_Lycaenidae_Polyommatinae_Polyommatini_Lampides_boeticus",0.487775438596491,0.572590909090909,-0.084815470494418
"1226","Pieridae","Eurema smilax",10,"Female",1,1,0.1,"DRR087481_X_Pieridae_Coliadinae_X_Eurema_mandarina",0.563998076923077,0.507790196078431,0.0562078808446456
"1160","Pieridae","Belenois java",10,"Female",0,1,0,"BN002237_LEP46735_Pieridae_Pierinae_Pierini_Belenois_java",0.621970175438596,0.70523,-0.0832598245614036
"1099","Lycaenidae","Lampides boeticus",10,"Female",6,1,0.6,"BN001093_BNSZS00308_Lycaenidae_Polyommatinae_Polyommatini_Lampides_boeticus",0.487775438596491,0.572590909090909,-0.084815470494418
"1250","Nymphalidae","Danaus plexippus",10,"Male",0,1,0,"DanausR_X_Nymphalidae_Danainae_Danaini_Danaus_plexippus",0.339136206896552,0.563555102040816,-0.224418895144264
"1241","Nymphalidae","Melanitis leda",10,"Female",2,1,0.2,"ME11B073_X_Nymphalidae_Satyrinae_Melanitini_Melanitis_leda_X_ME",0.287288372093023,0.090121875,0.197166497093023
"1173","Pieridae","Belenois java",10,"Male",0,1,0,"BN002237_LEP46735_Pieridae_Pierinae_Pierini_Belenois_java",0.621970175438596,0.70523,-0.0832598245614036
"3083","Papilionidae","Papilio demoleus",10,"Female",2,1,0.2,"SRR5879306_X_Papilionidae_Papilioninae_Papilionini_Papilio_ambrax",0.467561764705882,0.529811320754717,-0.0622495560488348
"3057","Papilionidae","Papilio demoleus",10,"Male",4,1,0.4,"SRR5879306_X_Papilionidae_Papilioninae_Papilionini_Papilio_ambrax",0.467561764705882,0.529811320754717,-0.0622495560488348
"1208","Nymphalidae","Danaus plexippus",10,"Female",0,1,0,"DanausR_X_Nymphalidae_Danainae_Danaini_Danaus_plexippus",0.339136206896552,0.563555102040816,-0.224418895144264
"3078","Hesperiidae","Toxidia peron",10,"Female",1,1,0.1,"BN000840_111_Hesperiidae_Trapezitinae_X_Toxidia_peron",0.147526666666667,0.35182,-0.204293333333333
"1183","Nymphalidae","Danaus plexippus",10,"Female",0,1,0,"DanausR_X_Nymphalidae_Danainae_Danaini_Danaus_plexippus",0.339136206896552,0.563555102040816,-0.224418895144264
"1119","Lycaenidae","Lampides boeticus",11,"Female",8,1,0.727272727,"BN001093_BNSZS00308_Lycaenidae_Polyommatinae_Polyommatini_Lampides_boeticus",0.487775438596491,0.572590909090909,-0.084815470494418
"3054","Nymphalidae","Danaus petilia",10,"Male",2,1,0.2,"GCA0049599151_X_Nymphalidae_Danainae_Danaini_Danaus_chrysippus",0.453388235294118,0.450413636363636,0.00297459893048124
"3056","Papilionidae","Papilio demoleus",10,"Female",1,1,0.1,"SRR5879306_X_Papilionidae_Papilioninae_Papilionini_Papilio_ambrax",0.467561764705882,0.529811320754717,-0.0622495560488348
"3058","Papilionidae","Papilio demoleus",10,"Female",3,1,0.3,"SRR5879306_X_Papilionidae_Papilioninae_Papilionini_Papilio_ambrax",0.467561764705882,0.529811320754717,-0.0622495560488348
"1207","Pieridae","Eurema smilax",10,"Female",4,1,0.4,"DRR087481_X_Pieridae_Coliadinae_X_Eurema_mandarina",0.563998076923077,0.507790196078431,0.0562078808446456
"1246","Nymphalidae","Danaus plexippus",10,"Female",4,1,0.4,"DanausR_X_Nymphalidae_Danainae_Danaini_Danaus_plexippus",0.339136206896552,0.563555102040816,-0.224418895144264
"1211","Nymphalidae","Danaus plexippus",10,"Male",0,1,0,"DanausR_X_Nymphalidae_Danainae_Danaini_Danaus_plexippus",0.339136206896552,0.563555102040816,-0.224418895144264
"3109","Pieridae","Delias argenthona",10,"Male",3,1,0.3,"SRR4341246_X_Pieridae_Pierinae_Pierini_Delias_descombesi_oraia",0.630693650793651,0.668017647058823,-0.0373239962651727
"1163","Hesperiidae","Ocybadistes flavovittatus",9,"Female",3,1,0.333333333,"DL02Q800_X_Hesperiidae_Hesperiinae_Taractrocerini_Ocybadistes_flavovittata_X_ME",NA,NA,NA
"1174","Pieridae","Delias argenthona",10,"Female",0,1,0,"SRR4341246_X_Pieridae_Pierinae_Pierini_Delias_descombesi_oraia",0.630693650793651,0.668017647058823,-0.0373239962651727
"1118","Lycaenidae","Lampides boeticus",10,"Male",10,1,1,"BN001093_BNSZS00308_Lycaenidae_Polyommatinae_Polyommatini_Lampides_boeticus",0.487775438596491,0.572590909090909,-0.084815470494418
"1170","Pieridae","Delias argenthona",10,"Male",3,1,0.3,"SRR4341246_X_Pieridae_Pierinae_Pierini_Delias_descombesi_oraia",0.630693650793651,0.668017647058823,-0.0373239962651727
"1233","Lycaenidae","Lampides boeticus",10,"Male",1,1,0.1,"BN001093_BNSZS00308_Lycaenidae_Polyommatinae_Polyommatini_Lampides_boeticus",0.487775438596491,0.572590909090909,-0.084815470494418
"3111","Papilionidae","Papilio demoleus",10,"Female",4,1,0.4,"SRR5879306_X_Papilionidae_Papilioninae_Papilionini_Papilio_ambrax",0.467561764705882,0.529811320754717,-0.0622495560488348
"1205","Pieridae","Eurema smilax",10,"Female",5,1,0.5,"DRR087481_X_Pieridae_Coliadinae_X_Eurema_mandarina",0.563998076923077,0.507790196078431,0.0562078808446456
"1179","Nymphalidae","Junonia villida",10,"Female",0,1,0,"SRR1145747_X_Nymphalidae_Nymphalinae_Junoniini_Junonia_coenia",0.1741546875,0.553848333333333,-0.379693645833333
"1518","Hesperiidae","Telicota ancilla",10,"Male",0,1,0,"BN000803_LEP37050_Hesperiidae_Hesperiinae_Taractrocerini_Telicota_augias_augias",0.321272881355932,0.326772222222222,-0.00549934086629011
"1561","Hesperiidae","Trapezites symmomus",10,"Male",0,1,0,"BN000850_89_Hesperiidae_Trapezitinae_X_Trapezites_symmomus",0.0908371428571428,0.222654237288136,-0.131817094430993
"1519","Hesperiidae","Telicota ancilla",10,"Male",0,1,0,"BN000803_LEP37050_Hesperiidae_Hesperiinae_Taractrocerini_Telicota_augias_augias",0.321272881355932,0.326772222222222,-0.00549934086629011
"1531","Hesperiidae","Toxidia peron",10,"Female",2,1,0.2,"BN000840_111_Hesperiidae_Trapezitinae_X_Toxidia_peron",0.147526666666667,0.35182,-0.204293333333333
"1545","Nymphalidae","Heteronympha merope",10,"Male",5,1,0.5,"BN001816_DL14E002_Nymphalidae_Satyrinae_Satyrini_Heteronympha_merope",0.258878571428572,0.397730769230769,-0.138852197802198
"1543","Pieridae","Pieris rapae",10,"Male",0,1,0,"BN007169_LEP50891_Pieridae_Pierinae_Pierini_Pieris_rapae",0.709524528301887,0.728604444444444,-0.0190799161425576
"1529","Lycaenidae","Candalides absimilis",10,"Female",9,1,0.9,"RE05D052_X_Lycaenidae_Theclinae_Candalidini_Candalides_xanthospilos_X_ME",0.707786363636364,0.688629824561404,0.0191565390749602
"1527","Lycaenidae","Candalides absimilis",10,"Female",7,1,0.7,"RE05D052_X_Lycaenidae_Theclinae_Candalidini_Candalides_xanthospilos_X_ME",0.707786363636364,0.688629824561404,0.0191565390749602
"2647","Nymphalidae","Mycalesis sirius",9,"Female",0,1,0,"BN004362_DL02P763_Nymphalidae_Satyrinae_Satyrini_Mycalesis_francisca",0.195640476190476,0.246184615384615,-0.0505441391941392
"2393","Nymphalidae","Junonia hedonia",10,"Male",0,1,0,"SRR1145747_X_Nymphalidae_Nymphalinae_Junoniini_Junonia_coenia",0.244852542372881,0.173581034482759,0.0712715078901226
"2598","Nymphalidae","Mycalesis terminus",10,"Male",1,1,0.1,"BN004362_DL02P763_Nymphalidae_Satyrinae_Satyrini_Mycalesis_francisca",0.356050980392157,0.286649019607843,0.0694019607843138
"2319","Nymphalidae","Ypthima arctous",10,"Female",7,1,0.7,"LEP25269_X_Nymphalidae_Satyrinae_Satyrini_Ypthima_argus_X_ME",0.234603703703704,0.307585106382979,-0.072981402679275
"496","Pieridae","Delias nigrina",10,"Male",0,1,0,"SRR4341246_X_Pieridae_Pierinae_Pierini_Delias_descombesi_oraia",0.544332727272727,0.283626984126984,0.260705743145743
"2615","Nymphalidae","Mycalesis perseus",10,"Female",3,1,0.3,"BN004362_DL02P763_Nymphalidae_Satyrinae_Satyrini_Mycalesis_francisca",0.247368421052632,0.20746,0.0399084210526315
"470","Nymphalidae","Mycalesis terminus",10,"Male",3,1,0.3,"BN004362_DL02P763_Nymphalidae_Satyrinae_Satyrini_Mycalesis_francisca",0.356050980392157,0.286649019607843,0.0694019607843138
"2666","Nymphalidae","Mycalesis terminus",10,"Male",0,1,0,"BN004362_DL02P763_Nymphalidae_Satyrinae_Satyrini_Mycalesis_francisca",0.356050980392157,0.286649019607843,0.0694019607843138
"484","Nymphalidae","Mycalesis sirius",10,"Female",3,1,0.3,"BN004362_DL02P763_Nymphalidae_Satyrinae_Satyrini_Mycalesis_francisca",0.195640476190476,0.246184615384615,-0.0505441391941392
"2646","Nymphalidae","Mycalesis perseus",10,"Female",4,1,0.4,"BN004362_DL02P763_Nymphalidae_Satyrinae_Satyrini_Mycalesis_francisca",0.247368421052632,0.20746,0.0399084210526315
"368","Nymphalidae","Ypthima arctous",10,"Female",1,1,0.1,"LEP25269_X_Nymphalidae_Satyrinae_Satyrini_Ypthima_argus_X_ME",0.234603703703704,0.307585106382979,-0.072981402679275
"2580","Hesperiidae","Suniana sunias",10,"Female",3,1,0.3,"BN000778_380_Hesperiidae_Hesperiinae_Taractrocerini_Suniana_sunias",0.0850190476190477,0.190532608695652,-0.105513561076605
"475","Pieridae","Eurema laeta",10,"Female",3,1,0.3,"DRR087481_X_Pieridae_Coliadinae_X_Eurema_mandarina",0.555508333333333,0.491258181818182,0.0642501515151515
"2374","Hesperiidae","Pelopidas agna",10,"Male",0,1,0,"ME12C211_X_Hesperiidae_Hesperiinae_Baorini_Pelopidas_mathias_X_ME",0.115526785714286,0.266247368421053,-0.150720582706767
"458","Nymphalidae","Mycalesis sirius",10,"Female",7,1,0.7,"BN004362_DL02P763_Nymphalidae_Satyrinae_Satyrini_Mycalesis_francisca",0.195640476190476,0.246184615384615,-0.0505441391941392
"2394","Nymphalidae","Junonia hedonia",10,"Male",0,1,0,"SRR1145747_X_Nymphalidae_Nymphalinae_Junoniini_Junonia_coenia",0.244852542372881,0.173581034482759,0.0712715078901226
"2532","Hesperiidae","Pelopidas lyelli",10,"Male",0,1,0,"ME12C211_X_Hesperiidae_Hesperiinae_Baorini_Pelopidas_mathias_X_ME",NA,0.16765,NA
"502","Nymphalidae","Mycalesis sirius",10,"Female",0,1,0,"BN004362_DL02P763_Nymphalidae_Satyrinae_Satyrini_Mycalesis_francisca",0.195640476190476,0.246184615384615,-0.0505441391941392
"510","Nymphalidae","Mycalesis terminus",10,"Male",4,1,0.4,"BN004362_DL02P763_Nymphalidae_Satyrinae_Satyrini_Mycalesis_francisca",0.356050980392157,0.286649019607843,0.0694019607843138
"2333","Nymphalidae","Mycalesis perseus",10,"Male",2,1,0.2,"BN004362_DL02P763_Nymphalidae_Satyrinae_Satyrini_Mycalesis_francisca",0.247368421052632,0.20746,0.0399084210526315
"2581","Hesperiidae","Sabera dobboe",10,"Female",0,1,0,"BN000717_310_Hesperiidae_Hesperiinae_Taractrocerini_Sabera_caesina",NA,NA,NA
"2347","Nymphalidae","Mycalesis perseus",10,"Female",0,1,0,"BN004362_DL02P763_Nymphalidae_Satyrinae_Satyrini_Mycalesis_francisca",0.247368421052632,0.20746,0.0399084210526315
"2591","Hesperiidae","Arrhenes dschilus",10,"Male",0,1,0,"BN000141_311_Hesperiidae_Hesperiinae_Taractrocerini_Arrhenes_dschilus",0.0697023255813954,0.076350909090909,-0.00664858350951358
"2593","Hesperiidae","Telicota ancilla",10,"Male",0,1,0,"BN000803_LEP37050_Hesperiidae_Hesperiinae_Taractrocerini_Telicota_augias_augias",0.321272881355932,0.326772222222222,-0.00549934086629011
"450","Hesperiidae","Arrhenes dschilus",10,"Female",3,1,0.3,"BN000141_311_Hesperiidae_Hesperiinae_Taractrocerini_Arrhenes_dschilus",0.0697023255813954,0.076350909090909,-0.00664858350951358
"467","Lycaenidae","Arhopala micale",10,"Female",4,1,0.4,"BN004507_EI16D223_Lycaenidae_Theclinae_Arhopalini_Arhopala_thamyras",0.768294642857143,0.154526984126984,0.613767658730159
"468","Lycaenidae","Arhopala micale",10,"Female",0,1,0,"BN004507_EI16D223_Lycaenidae_Theclinae_Arhopalini_Arhopala_thamyras",0.768294642857143,0.154526984126984,0.613767658730159
"487","Nymphalidae","Mycalesis terminus",10,"Female",0,1,0,"BN004362_DL02P763_Nymphalidae_Satyrinae_Satyrini_Mycalesis_francisca",0.356050980392157,0.286649019607843,0.0694019607843138
"408","Nymphalidae","Mycalesis sirius",10,"Female",7,1,0.7,"BN004362_DL02P763_Nymphalidae_Satyrinae_Satyrini_Mycalesis_francisca",0.195640476190476,0.246184615384615,-0.0505441391941392
"613","Nymphalidae","Hypolimnas bolina",10,"Female",0,1,0,"BN007178_LEP37028B_Nymphalidae_Nymphalinae_Kallimini_Hypolimnas_bolina",NA,NA,NA
"506","Hesperiidae","Arrhenes dschilus",10,"Female",8,1,0.8,"BN000141_311_Hesperiidae_Hesperiinae_Taractrocerini_Arrhenes_dschilus",0.0697023255813954,0.076350909090909,-0.00664858350951358
"512","Nymphalidae","Mycalesis sirius",10,"Female",2,1,0.2,"BN004362_DL02P763_Nymphalidae_Satyrinae_Satyrini_Mycalesis_francisca",0.195640476190476,0.246184615384615,-0.0505441391941392
"2452","Nymphalidae","Mycalesis sirius",10,"Male",4,1,0.4,"BN004362_DL02P763_Nymphalidae_Satyrinae_Satyrini_Mycalesis_francisca",0.195640476190476,0.246184615384615,-0.0505441391941392
"412","Lycaenidae","Arhopala micale",10,"Female",0,1,0,"BN004507_EI16D223_Lycaenidae_Theclinae_Arhopalini_Arhopala_thamyras",0.768294642857143,0.154526984126984,0.613767658730159
"2576","Hesperiidae","Sabera dobboe",10,"Female",1,1,0.1,"BN000717_310_Hesperiidae_Hesperiinae_Taractrocerini_Sabera_caesina",NA,NA,NA
"2343","Nymphalidae","Mycalesis sirius",10,"Female",1,1,0.1,"BN004362_DL02P763_Nymphalidae_Satyrinae_Satyrini_Mycalesis_francisca",0.195640476190476,0.246184615384615,-0.0505441391941392
"2579","Hesperiidae","Telicota mesoptis",10,"Female",0,1,0,"BN000803_LEP37050_Hesperiidae_Hesperiinae_Taractrocerini_Telicota_augias_augias",0.178954545454545,0.0848606557377048,0.0940938897168405
"2348","Nymphalidae","Mycalesis sirius",10,"Female",0,1,0,"BN004362_DL02P763_Nymphalidae_Satyrinae_Satyrini_Mycalesis_francisca",0.195640476190476,0.246184615384615,-0.0505441391941392
"404","Hesperiidae","Arrhenes dschilus",10,"Female",3,1,0.3,"BN000141_311_Hesperiidae_Hesperiinae_Taractrocerini_Arrhenes_dschilus",0.0697023255813954,0.076350909090909,-0.00664858350951358
"563","Nymphalidae","Mycalesis terminus",10,"Female",1,1,0.1,"BN004362_DL02P763_Nymphalidae_Satyrinae_Satyrini_Mycalesis_francisca",0.356050980392157,0.286649019607843,0.0694019607843138
"2517","Nymphalidae","Mycalesis sirius",10,"Female",1,1,0.1,"BN004362_DL02P763_Nymphalidae_Satyrinae_Satyrini_Mycalesis_francisca",0.195640476190476,0.246184615384615,-0.0505441391941392
"2531","Hesperiidae","Pelopidas lyelli",10,"Female",0,1,0,"ME12C211_X_Hesperiidae_Hesperiinae_Baorini_Pelopidas_mathias_X_ME",NA,0.16765,NA
"2534","Hesperiidae","Pelopidas lyelli",10,"Male",5,1,0.5,"ME12C211_X_Hesperiidae_Hesperiinae_Baorini_Pelopidas_mathias_X_ME",NA,0.16765,NA
"2539","Nymphalidae","Melanitis leda",10,"Female",0,1,0,"ME11B073_X_Nymphalidae_Satyrinae_Melanitini_Melanitis_leda_X_ME",0.287288372093023,0.090121875,0.197166497093023
"499","Pieridae","Eurema hecabe",10,"Male",1,1,0.1,"DRR087481_X_Pieridae_Coliadinae_X_Eurema_mandarina",0.639188679245283,0.567830188679245,0.0713584905660377
"541","Nymphalidae","Junonia hedonia",10,"Male",0,1,0,"SRR1145747_X_Nymphalidae_Nymphalinae_Junoniini_Junonia_coenia",0.244852542372881,0.173581034482759,0.0712715078901226
"355","Pieridae","Catopsilia pomona",10,"Female",1,1,0.1,"BN002319_DL13F181_Pieridae_Coliadinae_X_Catopsilia_scylla",NA,NA,NA
"2489","Hesperiidae","Pelopidas agna",10,"Female",0,1,0,"ME12C211_X_Hesperiidae_Hesperiinae_Baorini_Pelopidas_mathias_X_ME",0.115526785714286,0.266247368421053,-0.150720582706767
"389","Hesperiidae","Pelopidas agna",10,"Male",0,1,0,"ME12C211_X_Hesperiidae_Hesperiinae_Baorini_Pelopidas_mathias_X_ME",0.115526785714286,0.266247368421053,-0.150720582706767
"345","Hesperiidae","Arrhenes dschilus",10,"Female",1,1,0.1,"BN000141_311_Hesperiidae_Hesperiinae_Taractrocerini_Arrhenes_dschilus",0.0697023255813954,0.076350909090909,-0.00664858350951358
"2481","Hesperiidae","Telicota ancilla",10,"Male",3,1,0.3,"BN000803_LEP37050_Hesperiidae_Hesperiinae_Taractrocerini_Telicota_augias_augias",0.321272881355932,0.326772222222222,-0.00549934086629011
"2485","Hesperiidae","Sabera dobboe",10,"Male",0,1,0,"BN000717_310_Hesperiidae_Hesperiinae_Taractrocerini_Sabera_caesina",NA,NA,NA
"2523","Nymphalidae","Mycalesis perseus",10,"Male",3,1,0.3,"BN004362_DL02P763_Nymphalidae_Satyrinae_Satyrini_Mycalesis_francisca",0.247368421052632,0.20746,0.0399084210526315
"PC3","Lycaenidae","Psychonotis caelius",10,"Male",4,2,0.4,"BN003844_KD94R072_Lycaenidae_Polyommatinae_Polyommatini_Psychonotis_caelius",NA,NA,NA
"349","Pieridae","Catopsilia pomona",10,"Male",0,1,0,"BN002319_DL13F181_Pieridae_Coliadinae_X_Catopsilia_scylla",NA,NA,NA
"430","Lycaenidae","Arhopala micale",10,"Female",4,1,0.4,"BN004507_EI16D223_Lycaenidae_Theclinae_Arhopalini_Arhopala_thamyras",0.768294642857143,0.154526984126984,0.613767658730159
"549","Nymphalidae","Hypolimnas bolina",10,"Male",7,1,0.7,"BN007178_LEP37028B_Nymphalidae_Nymphalinae_Kallimini_Hypolimnas_bolina",NA,NA,NA
"2451","Nymphalidae","Mycalesis perseus",10,"Male",0,1,0,"BN004362_DL02P763_Nymphalidae_Satyrinae_Satyrini_Mycalesis_francisca",0.247368421052632,0.20746,0.0399084210526315
"608","Hesperiidae","Arrhenes dschilus",10,"Female",0,1,0,"BN000141_311_Hesperiidae_Hesperiinae_Taractrocerini_Arrhenes_dschilus",0.0697023255813954,0.076350909090909,-0.00664858350951358
"2459","Nymphalidae","Ypthima arctous",10,"Female",3,1,0.3,"LEP25269_X_Nymphalidae_Satyrinae_Satyrini_Ypthima_argus_X_ME",0.234603703703704,0.307585106382979,-0.072981402679275
"546","Nymphalidae","Hypolimnas bolina",10,"Female",0,1,0,"BN007178_LEP37028B_Nymphalidae_Nymphalinae_Kallimini_Hypolimnas_bolina",NA,NA,NA
"548","Pieridae","Catopsilia pomona",10,"Male",7,1,0.7,"BN002319_DL13F181_Pieridae_Coliadinae_X_Catopsilia_scylla",NA,NA,NA
"2477","Pieridae","Eurema hecabe",10,"Female",2,1,0.2,"DRR087481_X_Pieridae_Coliadinae_X_Eurema_mandarina",0.639188679245283,0.567830188679245,0.0713584905660377
"2892","Pieridae","Cepora perimale",10,"Male",3,1,0.3,"BN002330_DL16V155_Pieridae_Pierinae_Pierini_Cepora_nerissa",0.708192857142857,0.488015254237288,0.220177602905569
"2997","Nymphalidae","Danaus plexippus",10,"Male",3,1,0.3,"DanausR_X_Nymphalidae_Danainae_Danaini_Danaus_plexippus",0.339136206896552,0.563555102040816,-0.224418895144264
"2879","Nymphalidae","Euploea corinna",10,"Male",2,1,0.2,"BN004536_HD14B023_Nymphalidae_Danainae_Danaini_Euploea_phaenareta",0.415918,0.495789655172414,-0.0798716551724138
"2893","Pieridae","Cepora perimale",10,"Female",0,1,0,"BN002330_DL16V155_Pieridae_Pierinae_Pierini_Cepora_nerissa",0.708192857142857,0.488015254237288,0.220177602905569
"2953","Nymphalidae","Euploea corinna",10,"Male",0,1,0,"BN004536_HD14B023_Nymphalidae_Danainae_Danaini_Euploea_phaenareta",0.415918,0.495789655172414,-0.0798716551724138
"2950","Hesperiidae","Suniana sunias",10,"Female",2,1,0.2,"BN000778_380_Hesperiidae_Hesperiinae_Taractrocerini_Suniana_sunias",0.0850190476190477,0.190532608695652,-0.105513561076605
"2890","Nymphalidae","Danaus plexippus",10,"Male",8,1,0.8,"DanausR_X_Nymphalidae_Danainae_Danaini_Danaus_plexippus",0.339136206896552,0.563555102040816,-0.224418895144264
"856","Pieridae","Eurema hecabe",10,"Female",2,1,0.2,"DRR087481_X_Pieridae_Coliadinae_X_Eurema_mandarina",0.639188679245283,0.567830188679245,0.0713584905660377
"757","Hesperiidae","Ocybadistes flavovittatus",10,"Female",1,1,0.1,"DL02Q800_X_Hesperiidae_Hesperiinae_Taractrocerini_Ocybadistes_flavovittata_X_ME",NA,NA,NA
"2989","Nymphalidae","Danaus petilia",10,"Female",0,1,0,"GCA0049599151_X_Nymphalidae_Danainae_Danaini_Danaus_chrysippus",0.453388235294118,0.450413636363636,0.00297459893048124
"2944","Papilionidae","Graphium choredon",10,"Male",0,1,0,"RF140004_X_Papilionidae_Papilioninae_Leptocircini_Graphium_agamemnon_X_ME",0.691863461538462,0.649664150943396,0.0421993105950653
"906","Nymphalidae","Euploea tulliolus",10,"Female",8,1,0.8,"BN004536_HD14B023_Nymphalidae_Danainae_Danaini_Euploea_phaenareta",0.362420967741936,0.33076,0.0316609677419355
"802","Pieridae","Eurema smilax",10,"Male",6,1,0.6,"DRR087481_X_Pieridae_Coliadinae_X_Eurema_mandarina",0.563998076923077,0.507790196078431,0.0562078808446456
"919","Pieridae","Delias nigrina",10,"Male",0,1,0,"SRR4341246_X_Pieridae_Pierinae_Pierini_Delias_descombesi_oraia",0.544332727272727,0.283626984126984,0.260705743145743
"930","Lycaenidae","Lampides boeticus",10,"Male",4,1,0.4,"BN001093_BNSZS00308_Lycaenidae_Polyommatinae_Polyommatini_Lampides_boeticus",0.487775438596491,0.572590909090909,-0.084815470494418
"931","Hesperiidae","Ocybadistes flavovittatus",10,"Female",0,1,0,"DL02Q800_X_Hesperiidae_Hesperiinae_Taractrocerini_Ocybadistes_flavovittata_X_ME",NA,NA,NA
"898","Pieridae","Belenois java",10,"Female",1,1,0.1,"BN002237_LEP46735_Pieridae_Pierinae_Pierini_Belenois_java",0.621970175438596,0.70523,-0.0832598245614036
"822","Hesperiidae","Ocybadistes flavovittatus",10,"Female",7,1,0.7,"DL02Q800_X_Hesperiidae_Hesperiinae_Taractrocerini_Ocybadistes_flavovittata_X_ME",NA,NA,NA
"944","Pieridae","Eurema hecabe",10,"Male",2,1,0.2,"DRR087481_X_Pieridae_Coliadinae_X_Eurema_mandarina",0.639188679245283,0.567830188679245,0.0713584905660377
"949","Nymphalidae","Danaus plexippus",10,"Female",8,1,0.8,"DanausR_X_Nymphalidae_Danainae_Danaini_Danaus_plexippus",0.339136206896552,0.563555102040816,-0.224418895144264
"950","Nymphalidae","Euploea tulliolus",10,"Female",7,1,0.7,"BN004536_HD14B023_Nymphalidae_Danainae_Danaini_Euploea_phaenareta",0.362420967741936,0.33076,0.0316609677419355
"951","Pieridae","Belenois java",10,"Male",0,1,0,"BN002237_LEP46735_Pieridae_Pierinae_Pierini_Belenois_java",0.621970175438596,0.70523,-0.0832598245614036
"771","Pieridae","Belenois java",11,"Female",3,1,0.272727273,"BN002237_LEP46735_Pieridae_Pierinae_Pierini_Belenois_java",0.621970175438596,0.70523,-0.0832598245614036
"LP1","Lycaenidae","Leptotes plinius",10,"Male",6,2,0.6,"BN002865_LEP46014_Lycaenidae_Polyommatinae_Polyommatini_Leptotes_cassius",0.490422033898305,0.387837096774194,0.102584937124112
"2956","Lycaenidae","Theclinesthes onycha",10,"Male",10,1,1,"BN003991_MFB00P612_Lycaenidae_Polyommatinae_Polyommatini_Theclinesthes_miskini",0.671384090909091,0.533632352941177,0.137751737967914
"2919","Hesperiidae","Suniana sunias",10,"Male",4,1,0.4,"BN000778_380_Hesperiidae_Hesperiinae_Taractrocerini_Suniana_sunias",0.0850190476190477,0.190532608695652,-0.105513561076605
"2921","Nymphalidae","Euploea corinna",10,"Male",4,1,0.4,"BN004536_HD14B023_Nymphalidae_Danainae_Danaini_Euploea_phaenareta",0.415918,0.495789655172414,-0.0798716551724138
"971","Pieridae","Belenois java",10,"Female",2,1,0.2,"BN002237_LEP46735_Pieridae_Pierinae_Pierini_Belenois_java",0.621970175438596,0.70523,-0.0832598245614036
"2915","Pieridae","Belenois java",10,"Male",3,1,0.3,"BN002237_LEP46735_Pieridae_Pierinae_Pierini_Belenois_java",0.621970175438596,0.70523,-0.0832598245614036
"2916","Pieridae","Cepora perimale",10,"Male",0,1,0,"BN002330_DL16V155_Pieridae_Pierinae_Pierini_Cepora_nerissa",0.708192857142857,0.488015254237288,0.220177602905569
"2881","Nymphalidae","Euploea corinna",10,"Male",0,1,0,"BN004536_HD14B023_Nymphalidae_Danainae_Danaini_Euploea_phaenareta",0.415918,0.495789655172414,-0.0798716551724138
"2920","Nymphalidae","Euploea corinna",10,"Female",6,1,0.6,"BN004536_HD14B023_Nymphalidae_Danainae_Danaini_Euploea_phaenareta",0.415918,0.495789655172414,-0.0798716551724138
"874","Pieridae","Belenois java",10,"Male",0,1,0,"BN002237_LEP46735_Pieridae_Pierinae_Pierini_Belenois_java",0.621970175438596,0.70523,-0.0832598245614036
"2923","Nymphalidae","Euploea corinna",10,"Male",0,1,0,"BN004536_HD14B023_Nymphalidae_Danainae_Danaini_Euploea_phaenareta",0.415918,0.495789655172414,-0.0798716551724138
"4053","Hesperiidae","Ocybadistes walkeri",10,"Female",1,1,0.1,"BN000549_127_Hesperiidae_Hesperiinae_Taractrocerini_Ocybadistes_walkeri",0.0825531914893618,0.33149,-0.248936808510638
"4072","Pieridae","Pieris rapae",10,"Female",0,1,0,"BN007169_LEP50891_Pieridae_Pierinae_Pierini_Pieris_rapae",0.709524528301887,0.728604444444444,-0.0190799161425576
"4103","Pieridae","Pieris rapae",10,"Female",0,1,0,"BN007169_LEP50891_Pieridae_Pierinae_Pierini_Pieris_rapae",0.709524528301887,0.728604444444444,-0.0190799161425576
"4176","Pieridae","Pieris rapae",10,"Female",0,1,0,"BN007169_LEP50891_Pieridae_Pierinae_Pierini_Pieris_rapae",0.709524528301887,0.728604444444444,-0.0190799161425576
"4185","Pieridae","Pieris rapae",10,"Male",0,1,0,"BN007169_LEP50891_Pieridae_Pierinae_Pierini_Pieris_rapae",0.709524528301887,0.728604444444444,-0.0190799161425576
"4212","Pieridae","Pieris rapae",10,"Male",0,1,0,"BN007169_LEP50891_Pieridae_Pierinae_Pierini_Pieris_rapae",0.709524528301887,0.728604444444444,-0.0190799161425576
"4131","Hesperiidae","Suniana sunias",10,"Female",1,1,0.1,"BN000778_380_Hesperiidae_Hesperiinae_Taractrocerini_Suniana_sunias",0.0850190476190477,0.190532608695652,-0.105513561076605
"4146","Pieridae","Eurema smilax",10,"Female",0,1,0,"DRR087481_X_Pieridae_Coliadinae_X_Eurema_mandarina",0.563998076923077,0.507790196078431,0.0562078808446456
"1815","Nymphalidae","Vanessa kershawi",10,"Female",0,1,0,"BN007174_LEP28963_Nymphalidae_Nymphalinae_Nymphalini_Vanessa_indica",0.26030701754386,0.214242857142857,0.0460641604010025
"1821","Nymphalidae","Junonia villida",10,"Male",0,1,0,"SRR1145747_X_Nymphalidae_Nymphalinae_Junoniini_Junonia_coenia",0.1741546875,0.553848333333333,-0.379693645833333
"1824","Nymphalidae","Junonia villida",10,"Female",1,1,0.1,"SRR1145747_X_Nymphalidae_Nymphalinae_Junoniini_Junonia_coenia",0.1741546875,0.553848333333333,-0.379693645833333
"1791","Nymphalidae","Vanessa kershawi",10,"Female",3,1,0.3,"BN007174_LEP28963_Nymphalidae_Nymphalinae_Nymphalini_Vanessa_indica",0.26030701754386,0.214242857142857,0.0460641604010025
"1798","Nymphalidae","Junonia villida",10,"Female",0,1,0,"SRR1145747_X_Nymphalidae_Nymphalinae_Junoniini_Junonia_coenia",0.1741546875,0.553848333333333,-0.379693645833333
"1820","Hesperiidae","Ocybadistes walkeri",10,"Male",1,1,0.1,"BN000549_127_Hesperiidae_Hesperiinae_Taractrocerini_Ocybadistes_walkeri",0.0825531914893618,0.33149,-0.248936808510638
"1823","Hesperiidae","Ocybadistes flavovittatus",11,"Female",9,1,0.818181818,"DL02Q800_X_Hesperiidae_Hesperiinae_Taractrocerini_Ocybadistes_flavovittata_X_ME",NA,NA,NA
"1835","Nymphalidae","Junonia villida",10,"Male",0,1,0,"SRR1145747_X_Nymphalidae_Nymphalinae_Junoniini_Junonia_coenia",0.1741546875,0.553848333333333,-0.379693645833333
"1783","Nymphalidae","Vanessa kershawi",10,"Female",3,1,0.3,"BN007174_LEP28963_Nymphalidae_Nymphalinae_Nymphalini_Vanessa_indica",0.26030701754386,0.214242857142857,0.0460641604010025
"1827","Hesperiidae","Ocybadistes walkeri",10,"Male",3,1,0.3,"BN000549_127_Hesperiidae_Hesperiinae_Taractrocerini_Ocybadistes_walkeri",0.0825531914893618,0.33149,-0.248936808510638
"3845","Nymphalidae","Danaus plexippus",10,"Male",0,1,0,"DanausR_X_Nymphalidae_Danainae_Danaini_Danaus_plexippus",0.339136206896552,0.563555102040816,-0.224418895144264
"3773","Pieridae","Pieris rapae",10,"Female",1,1,0.1,"BN007169_LEP50891_Pieridae_Pierinae_Pierini_Pieris_rapae",0.709524528301887,0.728604444444444,-0.0190799161425576
"3781","Nymphalidae","Junonia villida",10,"Female",0,1,0,"SRR1145747_X_Nymphalidae_Nymphalinae_Junoniini_Junonia_coenia",0.1741546875,0.553848333333333,-0.379693645833333
"3909","Nymphalidae","Junonia villida",10,"Female",1,1,0.1,"SRR1145747_X_Nymphalidae_Nymphalinae_Junoniini_Junonia_coenia",0.1741546875,0.553848333333333,-0.379693645833333
"3913","Hesperiidae","Toxidia peron",10,"Male",0,1,0,"BN000840_111_Hesperiidae_Trapezitinae_X_Toxidia_peron",0.147526666666667,0.35182,-0.204293333333333
"3923","Pieridae","Pieris rapae",10,"Female",0,1,0,"BN007169_LEP50891_Pieridae_Pierinae_Pierini_Pieris_rapae",0.709524528301887,0.728604444444444,-0.0190799161425576
"3924","Pieridae","Pieris rapae",10,"Male",0,1,0,"BN007169_LEP50891_Pieridae_Pierinae_Pierini_Pieris_rapae",0.709524528301887,0.728604444444444,-0.0190799161425576
"1594","Lycaenidae","Candalides absimilis",10,"Female",8,1,0.8,"RE05D052_X_Lycaenidae_Theclinae_Candalidini_Candalides_xanthospilos_X_ME",0.707786363636364,0.688629824561404,0.0191565390749602
"1564","Nymphalidae","Hypocysta metirius",10,"Male",4,1,0.4,"BN005507_DH18R117_Nymphalidae_Satyrinae_Satyrini_Hypocysta_calypso",0.179474074074074,0.269114285714286,-0.0896402116402115
"1568","Hesperiidae","Ocybadistes walkeri",10,"Male",4,1,0.4,"BN000549_127_Hesperiidae_Hesperiinae_Taractrocerini_Ocybadistes_walkeri",0.0825531914893618,0.33149,-0.248936808510638
"1584","Hesperiidae","Ocybadistes walkeri",10,"Male",5,1,0.5,"BN000549_127_Hesperiidae_Hesperiinae_Taractrocerini_Ocybadistes_walkeri",0.0825531914893618,0.33149,-0.248936808510638
"1576","Hesperiidae","Trapezites symmomus",10,"Female",0,1,0,"BN000850_89_Hesperiidae_Trapezitinae_X_Trapezites_symmomus",0.0908371428571428,0.222654237288136,-0.131817094430993
"1602","Hesperiidae","Telicota ancilla",10,"Female",2,1,0.2,"BN000803_LEP37050_Hesperiidae_Hesperiinae_Taractrocerini_Telicota_augias_augias",0.321272881355932,0.326772222222222,-0.00549934086629011
"1577","Hesperiidae","Ocybadistes walkeri",10,"Female",0,1,0,"BN000549_127_Hesperiidae_Hesperiinae_Taractrocerini_Ocybadistes_walkeri",0.0825531914893618,0.33149,-0.248936808510638
"1581","Hesperiidae","Ocybadistes walkeri",10,"Female",1,1,0.1,"BN000549_127_Hesperiidae_Hesperiinae_Taractrocerini_Ocybadistes_walkeri",0.0825531914893618,0.33149,-0.248936808510638
"1586","Hesperiidae","Trapezites symmomus",10,"Female",0,1,0,"BN000850_89_Hesperiidae_Trapezitinae_X_Trapezites_symmomus",0.0908371428571428,0.222654237288136,-0.131817094430993
"1575","Hesperiidae","Trapezites symmomus",10,"Female",10,1,1,"BN000850_89_Hesperiidae_Trapezitinae_X_Trapezites_symmomus",0.0908371428571428,0.222654237288136,-0.131817094430993
"zhf3","Lycaenidae","Zizula hylax",10,"Female",7,4,0.7,"BN003906_DL09X120_Lycaenidae_Polyommatinae_Polyommatini_Zizula_hylax",NA,NA,NA
"zhf1","Lycaenidae","Zizula hylax",10,"Female",5,6,0.5,"BN003906_DL09X120_Lycaenidae_Polyommatinae_Polyommatini_Zizula_hylax",NA,NA,NA
"zhf4","Lycaenidae","Zizula hylax",10,"Female",0,6,0,"BN003906_DL09X120_Lycaenidae_Polyommatinae_Polyommatini_Zizula_hylax",NA,NA,NA
"zhm6","Lycaenidae","Zizula hylax",10,"Male",10,5,1,"BN003906_DL09X120_Lycaenidae_Polyommatinae_Polyommatini_Zizula_hylax",NA,NA,NA
"zhm4","Lycaenidae","Zizula hylax",10,"Male",10,5,1,"BN003906_DL09X120_Lycaenidae_Polyommatinae_Polyommatini_Zizula_hylax",NA,NA,NA
"1113","Lycaenidae","Zizina otis",10,"Female",10,1,1,"BN004004_DL01Q533_Lycaenidae_Polyommatinae_Polyommatini_Zizina_otis",NA,NA,NA
"3232","Lycaenidae","Zizina otis",10,"Male",4,1,0.4,"BN004004_DL01Q533_Lycaenidae_Polyommatinae_Polyommatini_Zizina_otis",NA,NA,NA
"4137","Lycaenidae","Zizina otis",10,"Female",5,1,0.5,"BN004004_DL01Q533_Lycaenidae_Polyommatinae_Polyommatini_Zizina_otis",NA,NA,NA
"bg1","Lycaenidae","Zizina otis",10,"Male",3,2,0.3,"BN004004_DL01Q533_Lycaenidae_Polyommatinae_Polyommatini_Zizina_otis",NA,NA,NA
"ao2","Lycaenidae","Zizina otis",10,"Female",4,2,0.4,"BN004004_DL01Q533_Lycaenidae_Polyommatinae_Polyommatini_Zizina_otis",NA,NA,NA
"mr2","Lycaenidae","Zizina otis",10,"Male",6,2,0.6,"BN004004_DL01Q533_Lycaenidae_Polyommatinae_Polyommatini_Zizina_otis",NA,NA,NA
"4136","Lycaenidae","Zizina otis",10,"Female",0,1,0,"BN004004_DL01Q533_Lycaenidae_Polyommatinae_Polyommatini_Zizina_otis",NA,NA,NA
"mr1","Lycaenidae","Zizina otis",10,"Male",1,2,0.1,"BN004004_DL01Q533_Lycaenidae_Polyommatinae_Polyommatini_Zizina_otis",NA,NA,NA
"399","Lycaenidae","Zizina otis",10,"Male",7,1,0.7,"BN004004_DL01Q533_Lycaenidae_Polyommatinae_Polyommatini_Zizina_otis",NA,NA,NA
"3739","Lycaenidae","Zizina otis",10,"Female",5,1,0.5,"BN004004_DL01Q533_Lycaenidae_Polyommatinae_Polyommatini_Zizina_otis",NA,NA,NA
"127","Lycaenidae","Zizina otis",10,"Female",0,1,0,"BN004004_DL01Q533_Lycaenidae_Polyommatinae_Polyommatini_Zizina_otis",NA,NA,NA
"jcu1","Lycaenidae","Zizina otis",10,"Male",5,2,0.5,"BN004004_DL01Q533_Lycaenidae_Polyommatinae_Polyommatini_Zizina_otis",NA,NA,NA
