ID,Family,Binomial,Ndaphnia,Sex,X240m,nbut,death.p,Phylo
1070,Nymphalidae,Melanitis leda,10,Male,10,1,1,ME11B073_X_Nymphalidae_Satyrinae_Melanitini_Melanitis_leda_X_ME
2829,Lycaenidae,Nacaduba berenice,10,Female,1,1,0.1,BN003931_KD93C025_Lycaenidae_Polyommatinae_Polyommatini_Nacaduba_kurava
2747,Lycaenidae,Leptotes plinius,10,Female,10,1,1,BN002865_LEP46014_Lycaenidae_Polyommatinae_Polyommatini_Leptotes_cassius
1038,Hesperiidae,Ocybadistes flavovittatus,10,Female,7,1,0.7,DL02Q800_X_Hesperiidae_Hesperiinae_Taractrocerini_Ocybadistes_flavovittata_X_ME
2743,Lycaenidae,Theclinesthes onycha,10,Female,7,1,0.7,BN003991_MFB00P612_Lycaenidae_Polyommatinae_Polyommatini_Theclinesthes_miskini
2757,Pieridae,Catopsilia pomona,10,Male,1,1,0.1,BN002319_DL13F181_Pieridae_Coliadinae_X_Catopsilia_scylla
1082,Pieridae,Catopsilia pomona,10,Male,1,1,0.1,BN002319_DL13F181_Pieridae_Coliadinae_X_Catopsilia_scylla
1049,Pieridae,Eurema hecabe,10,Male,10,1,1,DRR087481_X_Pieridae_Coliadinae_X_Eurema_mandarina
1056,Pieridae,Eurema smilax,10,Female,0,1,0,DRR087481_X_Pieridae_Coliadinae_X_Eurema_mandarina
LP4,Lycaenidae,Leptotes plinius,10,Female,5,2,0.5,BN002865_LEP46014_Lycaenidae_Polyommatinae_Polyommatini_Leptotes_cassius
2775,Papilionidae,Papilio aegeus,10,Male,10,1,1,SRR5879306_X_Papilionidae_Papilioninae_Papilionini_Papilio_ambrax
2848,Pieridae,Catopsilia pomona,10,Female,0,1,0,BN002319_DL13F181_Pieridae_Coliadinae_X_Catopsilia_scylla
2740,Lycaenidae,Nacaduba berenice,10,Male,6,1,0.6,BN003931_KD93C025_Lycaenidae_Polyommatinae_Polyommatini_Nacaduba_kurava
1067,Pieridae,Catopsilia pomona,10,Female,2,1,0.2,BN002319_DL13F181_Pieridae_Coliadinae_X_Catopsilia_scylla
2750,Lycaenidae,Leptotes plinius,10,Male,5,1,0.5,BN002865_LEP46014_Lycaenidae_Polyommatinae_Polyommatini_Leptotes_cassius
2761,Lycaenidae,Theclinesthes onycha,10,Female,0,1,0,BN003991_MFB00P612_Lycaenidae_Polyommatinae_Polyommatini_Theclinesthes_miskini
2800,Lycaenidae,Nacaduba berenice,10,Male,4,1,0.4,BN003931_KD93C025_Lycaenidae_Polyommatinae_Polyommatini_Nacaduba_kurava
1015,Lycaenidae,Lampides boeticus,10,Female,7,1,0.7,BN001093_BNSZS00308_Lycaenidae_Polyommatinae_Polyommatini_Lampides_boeticus
1025,Pieridae,Eurema smilax,10,Female,5,1,0.5,DRR087481_X_Pieridae_Coliadinae_X_Eurema_mandarina
1032,Nymphalidae,Junonia villida,10,Female,4,1,0.4,SRR1145747_X_Nymphalidae_Nymphalinae_Junoniini_Junonia_coenia
1041,Lycaenidae,Lampides boeticus,10,Male,7,1,0.7,BN001093_BNSZS00308_Lycaenidae_Polyommatinae_Polyommatini_Lampides_boeticus
2774,Papilionidae,Papilio aegeus,10,Male,2,1,0.2,SRR5879306_X_Papilionidae_Papilioninae_Papilionini_Papilio_ambrax
2846,Pieridae,Cepora perimale,10,Female,5,1,0.5,BN002330_DL16V155_Pieridae_Pierinae_Pierini_Cepora_nerissa
2783,Pieridae,Pieris rapae,10,Male,0,1,0,BN007169_LEP50891_Pieridae_Pierinae_Pierini_Pieris_rapae
2857,Lycaenidae,Theclinesthes onycha,10,Female,3,1,0.3,BN003991_MFB00P612_Lycaenidae_Polyommatinae_Polyommatini_Theclinesthes_miskini
1076,Pieridae,Catopsilia pomona,10,Male,7,1,0.7,BN002319_DL13F181_Pieridae_Coliadinae_X_Catopsilia_scylla
2755,Papilionidae,Papilio aegeus,10,Female,0,1,0,SRR5879306_X_Papilionidae_Papilioninae_Papilionini_Papilio_ambrax
2801,Lycaenidae,Leptotes plinius,10,Female,8,1,0.8,BN002865_LEP46014_Lycaenidae_Polyommatinae_Polyommatini_Leptotes_cassius
LP3,Lycaenidae,Leptotes plinius,10,Male,9,2,0.9,BN002865_LEP46014_Lycaenidae_Polyommatinae_Polyommatini_Leptotes_cassius
1024,Lycaenidae,Lampides boeticus,10,Male,8,1,0.8,BN001093_BNSZS00308_Lycaenidae_Polyommatinae_Polyommatini_Lampides_boeticus
2778,Papilionidae,Graphium choredon,10,Male,2,1,0.2,RF140004_X_Papilionidae_Papilioninae_Leptocircini_Graphium_agamemnon_X_ME
2779,Pieridae,Catopsilia pomona,10,Female,0,1,0,BN002319_DL13F181_Pieridae_Coliadinae_X_Catopsilia_scylla
LP2,Lycaenidae,Leptotes plinius,10,Male,5,2,0.5,BN002865_LEP46014_Lycaenidae_Polyommatinae_Polyommatini_Leptotes_cassius
2773,Papilionidae,Papilio aegeus,10,Male,2,1,0.2,SRR5879306_X_Papilionidae_Papilioninae_Papilionini_Papilio_ambrax
2811,Lycaenidae,Leptotes plinius,10,Female,3,1,0.3,BN002865_LEP46014_Lycaenidae_Polyommatinae_Polyommatini_Leptotes_cassius
994,Pieridae,Eurema smilax,10,Female,2,1,0.2,DRR087481_X_Pieridae_Coliadinae_X_Eurema_mandarina
2831,Lycaenidae,Theclinesthes onycha,10,Female,3,1,0.3,BN003991_MFB00P612_Lycaenidae_Polyommatinae_Polyommatini_Theclinesthes_miskini
1036,Lycaenidae,Lampides boeticus,10,Male,0,1,0,BN001093_BNSZS00308_Lycaenidae_Polyommatinae_Polyommatini_Lampides_boeticus
983,Pieridae,Eurema smilax,10,Female,0,1,0,DRR087481_X_Pieridae_Coliadinae_X_Eurema_mandarina
2777,Papilionidae,Graphium choredon,11,Male,4,1,0.363636364,RF140004_X_Papilionidae_Papilioninae_Leptocircini_Graphium_agamemnon_X_ME
12,Nymphalidae,Danaus affinis,10,Female,8,1,0.8,GCA0049599151_X_Nymphalidae_Danainae_Danaini_Danaus_chrysippus
20,Nymphalidae,Cethosia cydippe,10,Female,3,1,0.3,BN004321_JT10K020_Nymphalidae_Heliconiinae_Acraeini_Cethosia_cydippe
36,Nymphalidae,Danaus affinis,10,Male,4,1,0.4,GCA0049599151_X_Nymphalidae_Danainae_Danaini_Danaus_chrysippus
53,Nymphalidae,Euploea tulliolus,10,Female,0,1,0,BN004536_HD14B023_Nymphalidae_Danainae_Danaini_Euploea_phaenareta
61,Nymphalidae,Cethosia cydippe,10,Male,1,1,0.1,BN004321_JT10K020_Nymphalidae_Heliconiinae_Acraeini_Cethosia_cydippe
28,Nymphalidae,Danaus affinis,10,Male,7,1,0.7,GCA0049599151_X_Nymphalidae_Danainae_Danaini_Danaus_chrysippus
1868,Hesperiidae,Cephrenes augiades,10,Female,0,1,0,BN000246_121_Hesperiidae_Hesperiinae_Taractrocerini_Cephrenes_augiades
55,Pieridae,Delias mysis,10,Male,0,1,0,SRR4341246_X_Pieridae_Pierinae_Pierini_Delias_descombesi_oraia
18,Lycaenidae,Hypolycaena phorbas,10,Female,5,1,0.5,TN04X153_X_Lycaenidae_Theclinae_Hypolycaenini_Hypolycaena_phorbas_X_ME
1912,Hesperiidae,Cephrenes augiades,10,Female,1,1,0.1,BN000246_121_Hesperiidae_Hesperiinae_Taractrocerini_Cephrenes_augiades
65,Pieridae,Delias nigrina,10,Male,0,1,0,SRR4341246_X_Pieridae_Pierinae_Pierini_Delias_descombesi_oraia
47,Lycaenidae,Arhopala micale,10,Female,6,1,0.6,BN004507_EI16D223_Lycaenidae_Theclinae_Arhopalini_Arhopala_thamyras
11,Nymphalidae,Danaus affinis,10,Male,10,1,1,GCA0049599151_X_Nymphalidae_Danainae_Danaini_Danaus_chrysippus
14,Lycaenidae,Nacaduba cyanea,10,Female,4,1,0.4,BN003931_KD93C025_Lycaenidae_Polyommatinae_Polyommatini_Nacaduba_kurava
4,Hesperiidae,Notocrypta waigensis,10,Female,0,1,0,SRR7174518_X_Hesperiidae_Hesperiinae_Erionotini_Notocrypta_feisthamelii
1884,Lycaenidae,Nacaduba cyanea,10,Male,1,1,0.1,BN003931_KD93C025_Lycaenidae_Polyommatinae_Polyommatini_Nacaduba_kurava
6,Lycaenidae,Hypolycaena phorbas,10,Female,5,1,0.5,TN04X153_X_Lycaenidae_Theclinae_Hypolycaenini_Hypolycaena_phorbas_X_ME
79,Lycaenidae,Hypolycaena phorbas,10,Male,4,1,0.4,TN04X153_X_Lycaenidae_Theclinae_Hypolycaenini_Hypolycaena_phorbas_X_ME
23,Lycaenidae,Nacaduba cyanea,10,Male,2,1,0.2,BN003931_KD93C025_Lycaenidae_Polyommatinae_Polyommatini_Nacaduba_kurava
1857,Hesperiidae,Notocrypta waigensis,10,Male,0,1,0,SRR7174518_X_Hesperiidae_Hesperiinae_Erionotini_Notocrypta_feisthamelii
30,Nymphalidae,Mycalesis terminus,10,Female,3,1,0.3,BN004362_DL02P763_Nymphalidae_Satyrinae_Satyrini_Mycalesis_francisca
38,Pieridae,Cepora perimale,10,Male,0,1,0,BN002330_DL16V155_Pieridae_Pierinae_Pierini_Cepora_nerissa
21,Nymphalidae,Cethosia cydippe,10,Male,6,1,0.6,BN004321_JT10K020_Nymphalidae_Heliconiinae_Acraeini_Cethosia_cydippe
1916,Hesperiidae,Sabera caesina,10,Male,3,1,0.3,BN000717_310_Hesperiidae_Hesperiinae_Taractrocerini_Sabera_caesina
1881,Pieridae,Delias mysis,10,Male,0,1,0,SRR4341246_X_Pieridae_Pierinae_Pierini_Delias_descombesi_oraia
1920,Hesperiidae,Sabera caesina,10,Male,0,1,0,BN000717_310_Hesperiidae_Hesperiinae_Taractrocerini_Sabera_caesina
1919,Hesperiidae,Sabera caesina,10,Male,2,1,0.2,BN000717_310_Hesperiidae_Hesperiinae_Taractrocerini_Sabera_caesina
1873,Nymphalidae,Danaus affinis,10,Male,2,1,0.2,GCA0049599151_X_Nymphalidae_Danainae_Danaini_Danaus_chrysippus
71,Pieridae,Delias mysis,10,Male,5,1,0.5,SRR4341246_X_Pieridae_Pierinae_Pierini_Delias_descombesi_oraia
1498,Nymphalidae,Hypocysta metirius,10,Male,4,1,0.4,BN005507_DH18R117_Nymphalidae_Satyrinae_Satyrini_Hypocysta_calypso
1263,Hesperiidae,Sabera fuliginosa,10,Male,2,1,0.2,BN000717_310_Hesperiidae_Hesperiinae_Taractrocerini_Sabera_caesina
3235,Lycaenidae,Theclinesthes onycha,10,Male,7,1,0.7,BN003991_MFB00P612_Lycaenidae_Polyommatinae_Polyommatini_Theclinesthes_miskini
3319,Hesperiidae,Toxidia peron,10,Female,0,1,0,BN000840_111_Hesperiidae_Trapezitinae_X_Toxidia_peron
1331,Nymphalidae,Hypocysta metirius,10,Female,5,1,0.5,BN005507_DH18R117_Nymphalidae_Satyrinae_Satyrini_Hypocysta_calypso
1321,Hesperiidae,Sabera fuliginosa,10,Male,2,1,0.2,BN000717_310_Hesperiidae_Hesperiinae_Taractrocerini_Sabera_caesina
1315,Pieridae,Belenois java,10,Male,8,1,0.8,BN002237_LEP46735_Pieridae_Pierinae_Pierini_Belenois_java
1443,Nymphalidae,Hypocysta metirius,10,Male,2,1,0.2,BN005507_DH18R117_Nymphalidae_Satyrinae_Satyrini_Hypocysta_calypso
3342,Hesperiidae,Toxidia peron,10,Female,2,1,0.2,BN000840_111_Hesperiidae_Trapezitinae_X_Toxidia_peron
1290,Pieridae,Eurema smilax,10,Female,0,1,0,DRR087481_X_Pieridae_Coliadinae_X_Eurema_mandarina
1350,Pieridae,Belenois java,10,Female,2,1,0.2,BN002237_LEP46735_Pieridae_Pierinae_Pierini_Belenois_java
1281,Pieridae,Belenois java,10,Male,0,1,0,BN002237_LEP46735_Pieridae_Pierinae_Pierini_Belenois_java
1299,Lycaenidae,Candalides absimilis,10,Female,2,1,0.2,RE05D052_X_Lycaenidae_Theclinae_Candalidini_Candalides_xanthospilos_X_ME
1302,Pieridae,Delias nigrina,10,Male,0,1,0,SRR4341246_X_Pieridae_Pierinae_Pierini_Delias_descombesi_oraia
3219,Nymphalidae,Euploea corinna,10,Male,2,1,0.2,BN004536_HD14B023_Nymphalidae_Danainae_Danaini_Euploea_phaenareta
3225,Hesperiidae,Trapezites symmomus,10,Female,0,1,0,BN000850_89_Hesperiidae_Trapezitinae_X_Trapezites_symmomus
3231,Lycaenidae,Leptotes plinius,10,Female,10,1,1,BN002865_LEP46014_Lycaenidae_Polyommatinae_Polyommatini_Leptotes_cassius
3124,Nymphalidae,Euploea corinna,10,Male,0,1,0,BN004536_HD14B023_Nymphalidae_Danainae_Danaini_Euploea_phaenareta
1482,Pieridae,Delias nigrina,10,Male,0,1,0,SRR4341246_X_Pieridae_Pierinae_Pierini_Delias_descombesi_oraia
3168,Nymphalidae,Hypocysta metirius,10,Male,5,1,0.5,BN005507_DH18R117_Nymphalidae_Satyrinae_Satyrini_Hypocysta_calypso
1385,Nymphalidae,Melanitis leda,10,Female,0,1,0,ME11B073_X_Nymphalidae_Satyrinae_Melanitini_Melanitis_leda_X_ME
1439,Pieridae,Eurema smilax,10,Male,4,1,0.4,DRR087481_X_Pieridae_Coliadinae_X_Eurema_mandarina
3226,Hesperiidae,Ocybadistes walkeri,10,Female,3,1,0.3,BN000549_127_Hesperiidae_Hesperiinae_Taractrocerini_Ocybadistes_walkeri
1441,Nymphalidae,Hypocysta metirius,10,Male,2,1,0.2,BN005507_DH18R117_Nymphalidae_Satyrinae_Satyrini_Hypocysta_calypso
3122,Nymphalidae,Melanitis leda,10,Female,0,1,0,ME11B073_X_Nymphalidae_Satyrinae_Melanitini_Melanitis_leda_X_ME
1358,Nymphalidae,Hypolimnas bolina,10,Male,2,1,0.2,BN007178_LEP37028B_Nymphalidae_Nymphalinae_Kallimini_Hypolimnas_bolina
1469,Nymphalidae,Hypocysta metirius,10,Male,4,1,0.4,BN005507_DH18R117_Nymphalidae_Satyrinae_Satyrini_Hypocysta_calypso
1368,Nymphalidae,Euploea corinna,10,Female,6,1,0.6,BN004536_HD14B023_Nymphalidae_Danainae_Danaini_Euploea_phaenareta
1391,Papilionidae,Papilio aegeus,10,Male,0,1,0,SRR5879306_X_Papilionidae_Papilioninae_Papilionini_Papilio_ambrax
1404,Pieridae,Eurema smilax,10,Male,4,1,0.4,DRR087481_X_Pieridae_Coliadinae_X_Eurema_mandarina
3433,Hesperiidae,Toxidia peron,10,Male,4,1,0.4,BN000840_111_Hesperiidae_Trapezitinae_X_Toxidia_peron
3134,Hesperiidae,Toxidia peron,10,Male,1,1,0.1,BN000840_111_Hesperiidae_Trapezitinae_X_Toxidia_peron
3142,Lycaenidae,Theclinesthes onycha,10,Male,8,1,0.8,BN003991_MFB00P612_Lycaenidae_Polyommatinae_Polyommatini_Theclinesthes_miskini
1408,Hesperiidae,Sabera fuliginosa,10,Male,0,1,0,BN000717_310_Hesperiidae_Hesperiinae_Taractrocerini_Sabera_caesina
3437,Nymphalidae,Melanitis leda,10,Female,1,1,0.1,ME11B073_X_Nymphalidae_Satyrinae_Melanitini_Melanitis_leda_X_ME
1417,Pieridae,Eurema smilax,10,Male,3,1,0.3,DRR087481_X_Pieridae_Coliadinae_X_Eurema_mandarina
1397,Nymphalidae,Hypocysta metirius,10,Male,1,1,0.1,BN005507_DH18R117_Nymphalidae_Satyrinae_Satyrini_Hypocysta_calypso
3371,Nymphalidae,Euploea corinna,10,Male,5,1,0.5,BN004536_HD14B023_Nymphalidae_Danainae_Danaini_Euploea_phaenareta
LP5,Lycaenidae,Leptotes plinius,10,Male,3,2,0.3,BN002865_LEP46014_Lycaenidae_Polyommatinae_Polyommatini_Leptotes_cassius
3140,Lycaenidae,Nacaduba berenice,10,Female,2,1,0.2,BN003931_KD93C025_Lycaenidae_Polyommatinae_Polyommatini_Nacaduba_kurava
3139,Lycaenidae,Theclinesthes onycha,10,Female,7,1,0.7,BN003991_MFB00P612_Lycaenidae_Polyommatinae_Polyommatini_Theclinesthes_miskini
3435,Nymphalidae,Melanitis leda,10,Female,1,1,0.1,ME11B073_X_Nymphalidae_Satyrinae_Melanitini_Melanitis_leda_X_ME
3141,Lycaenidae,Theclinesthes onycha,10,Male,10,1,1,BN003991_MFB00P612_Lycaenidae_Polyommatinae_Polyommatini_Theclinesthes_miskini
2298,Nymphalidae,Cupha prosope,10,Male,9,1,0.9,BN004461_DL16V317_Nymphalidae_Heliconiinae_Vagrantini_Cupha_erymanthis
724,Nymphalidae,Pantoporia consimilis,10,Female,10,1,1,BN003337_DL16V052_Nymphalidae_Limenitidinae_Neptini_Pantoporia_hordonia
737,Hesperiidae,Pelopidas agna,10,Male,8,1,0.8,ME12C211_X_Hesperiidae_Hesperiinae_Baorini_Pelopidas_mathias_X_ME
684,Nymphalidae,Pantoporia consimilis,10,Female,1,1,0.1,BN003337_DL16V052_Nymphalidae_Limenitidinae_Neptini_Pantoporia_hordonia
2231,Nymphalidae,Cupha prosope,10,Female,2,1,0.2,BN004461_DL16V317_Nymphalidae_Heliconiinae_Vagrantini_Cupha_erymanthis
2708,Hesperiidae,Cephrenes augiades,10,Female,0,1,0,BN000246_121_Hesperiidae_Hesperiinae_Taractrocerini_Cephrenes_augiades
2254,Hesperiidae,Suniana sunias,10,Female,1,1,0.1,BN000778_380_Hesperiidae_Hesperiinae_Taractrocerini_Suniana_sunias
2680,Nymphalidae,Hypolimnas bolina,10,Male,0,1,0,BN007178_LEP37028B_Nymphalidae_Nymphalinae_Kallimini_Hypolimnas_bolina
753,Nymphalidae,Melanitis leda,10,Male,4,1,0.4,ME11B073_X_Nymphalidae_Satyrinae_Melanitini_Melanitis_leda_X_ME
685,Lycaenidae,Psychonotis caelius,10,Male,7,1,0.7,BN003844_KD94R072_Lycaenidae_Polyommatinae_Polyommatini_Psychonotis_caelius
672,Hesperiidae,Sabera caesina,10,Female,3,1,0.3,BN000717_310_Hesperiidae_Hesperiinae_Taractrocerini_Sabera_caesina
2309,Lycaenidae,Nacaduba cyanea,10,Male,0,1,0,BN003931_KD93C025_Lycaenidae_Polyommatinae_Polyommatini_Nacaduba_kurava
620,Nymphalidae,Cupha prosope,10,Female,8,1,0.8,BN004461_DL16V317_Nymphalidae_Heliconiinae_Vagrantini_Cupha_erymanthis
668,Pieridae,Delias mysis,10,Male,5,1,0.5,SRR4341246_X_Pieridae_Pierinae_Pierini_Delias_descombesi_oraia
2678,Pieridae,Delias mysis,10,Male,1,1,0.1,SRR4341246_X_Pieridae_Pierinae_Pierini_Delias_descombesi_oraia
706,Hesperiidae,Arrhenes dschilus,10,Male,0,1,0,BN000141_311_Hesperiidae_Hesperiinae_Taractrocerini_Arrhenes_dschilus
2183,Hesperiidae,Pelopidas agna,10,Male,7,1,0.7,ME12C211_X_Hesperiidae_Hesperiinae_Baorini_Pelopidas_mathias_X_ME
617,Nymphalidae,Euploea tulliolus,10,Female,6,1,0.6,BN004536_HD14B023_Nymphalidae_Danainae_Danaini_Euploea_phaenareta
728,Nymphalidae,Pantoporia consimilis,10,Female,5,1,0.5,BN003337_DL16V052_Nymphalidae_Limenitidinae_Neptini_Pantoporia_hordonia
623,Nymphalidae,Pantoporia consimilis,10,Female,3,1,0.3,BN003337_DL16V052_Nymphalidae_Limenitidinae_Neptini_Pantoporia_hordonia
2193,Nymphalidae,Mycalesis perseus,10,Female,0,1,0,BN004362_DL02P763_Nymphalidae_Satyrinae_Satyrini_Mycalesis_francisca
2699,Hesperiidae,Suniana sunias,10,Male,0,1,0,BN000778_380_Hesperiidae_Hesperiinae_Taractrocerini_Suniana_sunias
670,Nymphalidae,Pantoporia consimilis,10,Female,8,1,0.8,BN003337_DL16V052_Nymphalidae_Limenitidinae_Neptini_Pantoporia_hordonia
674,Nymphalidae,Pantoporia consimilis,10,Female,7,1,0.7,BN003337_DL16V052_Nymphalidae_Limenitidinae_Neptini_Pantoporia_hordonia
2224,Nymphalidae,Pantoporia consimilis,10,Female,1,1,0.1,BN003337_DL16V052_Nymphalidae_Limenitidinae_Neptini_Pantoporia_hordonia
2194,Nymphalidae,Cupha prosope,10,Female,4,1,0.4,BN004461_DL16V317_Nymphalidae_Heliconiinae_Vagrantini_Cupha_erymanthis
4228,Nymphalidae,Mycalesis terminus,10,Male,0,1,0,BN004362_DL02P763_Nymphalidae_Satyrinae_Satyrini_Mycalesis_francisca
740,Hesperiidae,Arrhenes dschilus,10,Female,2,1,0.2,BN000141_311_Hesperiidae_Hesperiinae_Taractrocerini_Arrhenes_dschilus
747,Hesperiidae,Notocrypta waigensis,10,Male,0,1,0,SRR7174518_X_Hesperiidae_Hesperiinae_Erionotini_Notocrypta_feisthamelii
656,Nymphalidae,Cupha prosope,10,Female,0,1,0,BN004461_DL16V317_Nymphalidae_Heliconiinae_Vagrantini_Cupha_erymanthis
3635,Lycaenidae,Candalides hyacinthinus,10,Male,2,1,0.2,RE05D052_X_Lycaenidae_Theclinae_Candalidini_Candalides_xanthospilos_X_ME
3636,Lycaenidae,Candalides hyacinthinus,10,Male,1,1,0.1,RE05D052_X_Lycaenidae_Theclinae_Candalidini_Candalides_xanthospilos_X_ME
3707,Nymphalidae,Tisiphone abeona,13,Male,3,1,0.230769231,BN003853_RE05C007_Nymphalidae_Satyrinae_Satyrini_Tisiphone_abeona
3714,Hesperiidae,Mesodina halyzia,10,Male,0,1,0,BN000481_115_Hesperiidae_Trapezitinae_X_Mesodina_halyzia
3724,Lycaenidae,Candalides hyacinthinus,10,Male,0,1,0,RE05D052_X_Lycaenidae_Theclinae_Candalidini_Candalides_xanthospilos_X_ME
3678,Nymphalidae,Tisiphone abeona,10,Male,1,1,0.1,BN003853_RE05C007_Nymphalidae_Satyrinae_Satyrini_Tisiphone_abeona
3644,Nymphalidae,Junonia villida,10,Female,3,1,0.3,SRR1145747_X_Nymphalidae_Nymphalinae_Junoniini_Junonia_coenia
3713,Hesperiidae,Toxidia peron,10,Female,2,1,0.2,BN000840_111_Hesperiidae_Trapezitinae_X_Toxidia_peron
3698,Nymphalidae,Vanessa kershawi,10,Female,2,1,0.2,BN007174_LEP28963_Nymphalidae_Nymphalinae_Nymphalini_Vanessa_indica
3725,Lycaenidae,Candalides hyacinthinus,10,Male,3,1,0.3,RE05D052_X_Lycaenidae_Theclinae_Candalidini_Candalides_xanthospilos_X_ME
3712,Hesperiidae,Mesodina halyzia,10,Male,1,1,0.1,BN000481_115_Hesperiidae_Trapezitinae_X_Mesodina_halyzia
3643,Nymphalidae,Junonia villida,10,Female,0,1,0,SRR1145747_X_Nymphalidae_Nymphalinae_Junoniini_Junonia_coenia
3621,Hesperiidae,Toxidia peron,10,Male,0,1,0,BN000840_111_Hesperiidae_Trapezitinae_X_Toxidia_peron
3677,Nymphalidae,Tisiphone abeona,10,Male,1,1,0.1,BN003853_RE05C007_Nymphalidae_Satyrinae_Satyrini_Tisiphone_abeona
3699,Lycaenidae,Candalides hyacinthinus,10,Male,0,1,0,RE05D052_X_Lycaenidae_Theclinae_Candalidini_Candalides_xanthospilos_X_ME
3679,Nymphalidae,Tisiphone abeona,10,Male,0,1,0,BN003853_RE05C007_Nymphalidae_Satyrinae_Satyrini_Tisiphone_abeona
3641,Hesperiidae,Toxidia peron,10,Male,0,1,0,BN000840_111_Hesperiidae_Trapezitinae_X_Toxidia_peron
3711,Hesperiidae,Mesodina halyzia,10,Male,3,1,0.3,BN000481_115_Hesperiidae_Trapezitinae_X_Mesodina_halyzia
229,Nymphalidae,Pantoporia consimilis,10,Female,2,1,0.2,BN003337_DL16V052_Nymphalidae_Limenitidinae_Neptini_Pantoporia_hordonia
234,Lycaenidae,Psychonotis caelius,10,Female,2,1,0.2,BN003844_KD94R072_Lycaenidae_Polyommatinae_Polyommatini_Psychonotis_caelius
228,Nymphalidae,Mycalesis terminus,10,Male,6,1,0.6,BN004362_DL02P763_Nymphalidae_Satyrinae_Satyrini_Mycalesis_francisca
2289,Nymphalidae,Mycalesis terminus,10,Female,1,1,0.1,BN004362_DL02P763_Nymphalidae_Satyrinae_Satyrini_Mycalesis_francisca
107,Lycaenidae,Jamides aleuas,10,Female,7,1,0.7,BN004877_YI16P075_Lycaenidae_Polyommatinae_Polyommatini_Jamides_bochus
137,Nymphalidae,Mycalesis perseus,10,Female,2,1,0.2,BN004362_DL02P763_Nymphalidae_Satyrinae_Satyrini_Mycalesis_francisca
2115,Hesperiidae,Pelopidas agna,10,Male,1,1,0.1,ME12C211_X_Hesperiidae_Hesperiinae_Baorini_Pelopidas_mathias_X_ME
335,Hesperiidae,Sabera caesina,10,Female,3,1,0.3,BN000717_310_Hesperiidae_Hesperiinae_Taractrocerini_Sabera_caesina
2095,Nymphalidae,Ypthima arctous,10,Female,0,1,0,LEP25269_X_Nymphalidae_Satyrinae_Satyrini_Ypthima_argus_X_ME
2021,Hesperiidae,Pelopidas agna,10,Male,5,1,0.5,ME12C211_X_Hesperiidae_Hesperiinae_Baorini_Pelopidas_mathias_X_ME
2280,Hesperiidae,Telicota ancilla,10,Female,0,1,0,BN000803_LEP37050_Hesperiidae_Hesperiinae_Taractrocerini_Telicota_augias_augias
261,Nymphalidae,Cupha prosope,10,Female,6,1,0.6,BN004461_DL16V317_Nymphalidae_Heliconiinae_Vagrantini_Cupha_erymanthis
270,Pieridae,Catopsilia pomona,10,Female,1,1,0.1,BN002319_DL13F181_Pieridae_Coliadinae_X_Catopsilia_scylla
237,Lycaenidae,Psychonotis caelius,10,Female,1,1,0.1,BN003844_KD94R072_Lycaenidae_Polyommatinae_Polyommatini_Psychonotis_caelius
1985,Pieridae,Eurema laeta,10,Female,0,1,0,DRR087481_X_Pieridae_Coliadinae_X_Eurema_mandarina
2209,Nymphalidae,Melanitis leda,10,Female,0,1,0,ME11B073_X_Nymphalidae_Satyrinae_Melanitini_Melanitis_leda_X_ME
2000,Nymphalidae,Mycalesis terminus,10,Male,1,1,0.1,BN004362_DL02P763_Nymphalidae_Satyrinae_Satyrini_Mycalesis_francisca
2011,Hesperiidae,Telicota mesoptis,10,Male,4,1,0.4,BN000803_LEP37050_Hesperiidae_Hesperiinae_Taractrocerini_Telicota_augias_augias
2013,Hesperiidae,Telicota mesoptis,10,Female,3,1,0.3,BN000803_LEP37050_Hesperiidae_Hesperiinae_Taractrocerini_Telicota_augias_augias
336,Hesperiidae,Suniana sunias,10,Male,2,1,0.2,BN000778_380_Hesperiidae_Hesperiinae_Taractrocerini_Suniana_sunias
2022,Hesperiidae,Arrhenes dschilus,10,Female,0,1,0,BN000141_311_Hesperiidae_Hesperiinae_Taractrocerini_Arrhenes_dschilus
2142,Hesperiidae,Pelopidas agna,10,Male,3,1,0.3,ME12C211_X_Hesperiidae_Hesperiinae_Baorini_Pelopidas_mathias_X_ME
2144,Hesperiidae,Suniana sunias,10,Female,1,1,0.1,BN000778_380_Hesperiidae_Hesperiinae_Taractrocerini_Suniana_sunias
2056,Nymphalidae,Euploea tulliolus,10,Female,2,1,0.2,BN004536_HD14B023_Nymphalidae_Danainae_Danaini_Euploea_phaenareta
2065,Pieridae,Eurema hecabe,10,Male,0,1,0,DRR087481_X_Pieridae_Coliadinae_X_Eurema_mandarina
2116,Hesperiidae,Pelopidas agna,10,Male,2,1,0.2,ME12C211_X_Hesperiidae_Hesperiinae_Baorini_Pelopidas_mathias_X_ME
2087,Hesperiidae,Telicota mesoptis,10,Male,10,1,1,BN000803_LEP37050_Hesperiidae_Hesperiinae_Taractrocerini_Telicota_augias_augias
2204,Hesperiidae,Telicota mesoptis,10,Male,0,1,0,BN000803_LEP37050_Hesperiidae_Hesperiinae_Taractrocerini_Telicota_augias_augias
160,Nymphalidae,Junonia hedonia,10,Female,5,1,0.5,SRR1145747_X_Nymphalidae_Nymphalinae_Junoniini_Junonia_coenia
4233,Nymphalidae,Mycalesis perseus,10,Male,2,1,0.2,BN004362_DL02P763_Nymphalidae_Satyrinae_Satyrini_Mycalesis_francisca
2010,Hesperiidae,Telicota mesoptis,11,Male,3,1,0.272727273,BN000803_LEP37050_Hesperiidae_Hesperiinae_Taractrocerini_Telicota_augias_augias
2129,Hesperiidae,Telicota mesoptis,10,Male,9,1,0.9,BN000803_LEP37050_Hesperiidae_Hesperiinae_Taractrocerini_Telicota_augias_augias
2023,Hesperiidae,Arrhenes dschilus,10,Female,0,1,0,BN000141_311_Hesperiidae_Hesperiinae_Taractrocerini_Arrhenes_dschilus
218,Hesperiidae,Telicota mesoptis,10,Female,1,1,0.1,BN000803_LEP37050_Hesperiidae_Hesperiinae_Taractrocerini_Telicota_augias_augias
2075,Hesperiidae,Pelopidas agna,10,Male,4,1,0.4,ME12C211_X_Hesperiidae_Hesperiinae_Baorini_Pelopidas_mathias_X_ME
219,Lycaenidae,Jamides aleuas,10,Male,8,1,0.8,BN004877_YI16P075_Lycaenidae_Polyommatinae_Polyommatini_Jamides_bochus
216,Hesperiidae,Telicota mesoptis,10,Female,0,1,0,BN000803_LEP37050_Hesperiidae_Hesperiinae_Taractrocerini_Telicota_augias_augias
263,Nymphalidae,Pantoporia consimilis,10,Female,10,1,1,BN003337_DL16V052_Nymphalidae_Limenitidinae_Neptini_Pantoporia_hordonia
96,Pieridae,Eurema laeta,10,Male,0,1,0,DRR087481_X_Pieridae_Coliadinae_X_Eurema_mandarina
2174,Hesperiidae,Arrhenes dschilus,10,Male,2,1,0.2,BN000141_311_Hesperiidae_Hesperiinae_Taractrocerini_Arrhenes_dschilus
2179,Nymphalidae,Mycalesis perseus,10,Female,0,1,0,BN004362_DL02P763_Nymphalidae_Satyrinae_Satyrini_Mycalesis_francisca
2141,Hesperiidae,Telicota mesoptis,10,Male,9,1,0.9,BN000803_LEP37050_Hesperiidae_Hesperiinae_Taractrocerini_Telicota_augias_augias
2207,Hesperiidae,Arrhenes dschilus,10,Male,1,1,0.1,BN000141_311_Hesperiidae_Hesperiinae_Taractrocerini_Arrhenes_dschilus
2208,Hesperiidae,Pelopidas lyelli,10,Male,5,1,0.5,ME12C211_X_Hesperiidae_Hesperiinae_Baorini_Pelopidas_mathias_X_ME
271,Hesperiidae,Sabera caesina,10,Female,1,1,0.1,BN000717_310_Hesperiidae_Hesperiinae_Taractrocerini_Sabera_caesina
2123,Hesperiidae,Suniana sunias,10,Male,0,1,0,BN000778_380_Hesperiidae_Hesperiinae_Taractrocerini_Suniana_sunias
316,Lycaenidae,Jamides aleuas,10,Male,9,1,0.9,BN004877_YI16P075_Lycaenidae_Polyommatinae_Polyommatini_Jamides_bochus
2130,Hesperiidae,Telicota mesoptis,10,Female,0,1,0,BN000803_LEP37050_Hesperiidae_Hesperiinae_Taractrocerini_Telicota_augias_augias
2062,Pieridae,Eurema laeta,10,Male,0,1,0,DRR087481_X_Pieridae_Coliadinae_X_Eurema_mandarina
249,Lycaenidae,Jamides aleuas,11,Female,4,1,0.363636364,BN004877_YI16P075_Lycaenidae_Polyommatinae_Polyommatini_Jamides_bochus
295,Hesperiidae,Sabera caesina,10,Female,0,1,0,BN000717_310_Hesperiidae_Hesperiinae_Taractrocerini_Sabera_caesina
2055,Nymphalidae,Melanitis leda,10,Female,0,1,0,ME11B073_X_Nymphalidae_Satyrinae_Melanitini_Melanitis_leda_X_ME
2117,Hesperiidae,Pelopidas agna,10,Male,9,1,0.9,ME12C211_X_Hesperiidae_Hesperiinae_Baorini_Pelopidas_mathias_X_ME
93,Pieridae,Eurema hecabe,10,Male,7,1,0.7,DRR087481_X_Pieridae_Coliadinae_X_Eurema_mandarina
162,Nymphalidae,Junonia hedonia,10,Male,0,1,0,SRR1145747_X_Nymphalidae_Nymphalinae_Junoniini_Junonia_coenia
1638,Nymphalidae,Heteronympha merope,10,Male,1,1,0.1,BN001816_DL14E002_Nymphalidae_Satyrinae_Satyrini_Heteronympha_merope
1615,Nymphalidae,Heteronympha merope,10,Male,7,1,0.7,BN001816_DL14E002_Nymphalidae_Satyrinae_Satyrini_Heteronympha_merope
1697,Nymphalidae,Tisiphone abeona,10,Female,0,1,0,BN003853_RE05C007_Nymphalidae_Satyrinae_Satyrini_Tisiphone_abeona
1650,Nymphalidae,Heteronympha mirifica,10,Male,1,1,0.1,BN001816_DL14E002_Nymphalidae_Satyrinae_Satyrini_Heteronympha_merope
1681,Nymphalidae,Heteronympha merope,10,Male,1,1,0.1,BN001816_DL14E002_Nymphalidae_Satyrinae_Satyrini_Heteronympha_merope
1648,Nymphalidae,Heteronympha mirifica,10,Male,1,1,0.1,BN001816_DL14E002_Nymphalidae_Satyrinae_Satyrini_Heteronympha_merope
1766,Nymphalidae,Tisiphone abeona,10,Male,0,1,0,BN003853_RE05C007_Nymphalidae_Satyrinae_Satyrini_Tisiphone_abeona
1641,Hesperiidae,Telicota ancilla,10,Male,3,1,0.3,BN000803_LEP37050_Hesperiidae_Hesperiinae_Taractrocerini_Telicota_augias_augias
1687,Hesperiidae,Ocybadistes walkeri,10,Male,3,1,0.3,BN000549_127_Hesperiidae_Hesperiinae_Taractrocerini_Ocybadistes_walkeri
1628,Nymphalidae,Tisiphone abeona,10,Female,0,1,0,BN003853_RE05C007_Nymphalidae_Satyrinae_Satyrini_Tisiphone_abeona
1695,Nymphalidae,Tisiphone abeona,10,Male,3,1,0.3,BN003853_RE05C007_Nymphalidae_Satyrinae_Satyrini_Tisiphone_abeona
1728,Nymphalidae,Tisiphone abeona,10,Male,1,1,0.1,BN003853_RE05C007_Nymphalidae_Satyrinae_Satyrini_Tisiphone_abeona
1683,Nymphalidae,Hypocysta metirius,10,Male,5,1,0.5,BN005507_DH18R117_Nymphalidae_Satyrinae_Satyrini_Hypocysta_calypso
1680,Nymphalidae,Hypocysta metirius,10,Male,2,1,0.2,BN005507_DH18R117_Nymphalidae_Satyrinae_Satyrini_Hypocysta_calypso
1656,Nymphalidae,Heteronympha mirifica,10,Male,4,1,0.4,BN001816_DL14E002_Nymphalidae_Satyrinae_Satyrini_Heteronympha_merope
1651,Hesperiidae,Telicota ancilla,10,Female,2,1,0.2,BN000803_LEP37050_Hesperiidae_Hesperiinae_Taractrocerini_Telicota_augias_augias
1726,Nymphalidae,Tisiphone abeona,10,Male,1,1,0.1,BN003853_RE05C007_Nymphalidae_Satyrinae_Satyrini_Tisiphone_abeona
1679,Hesperiidae,Telicota ancilla,10,Female,0,1,0,BN000803_LEP37050_Hesperiidae_Hesperiinae_Taractrocerini_Telicota_augias_augias
1730,Nymphalidae,Heteronympha merope,10,Male,9,1,0.9,BN001816_DL14E002_Nymphalidae_Satyrinae_Satyrini_Heteronympha_merope
1662,Nymphalidae,Ypthima arctous,10,Male,2,1,0.2,LEP25269_X_Nymphalidae_Satyrinae_Satyrini_Ypthima_argus_X_ME
1758,Nymphalidae,Hypocysta metirius,10,Male,7,1,0.7,BN005507_DH18R117_Nymphalidae_Satyrinae_Satyrini_Hypocysta_calypso
3025,Nymphalidae,Danaus petilia,10,Male,3,1,0.3,GCA0049599151_X_Nymphalidae_Danainae_Danaini_Danaus_chrysippus
1167,Nymphalidae,Danaus plexippus,10,Female,10,1,1,DanausR_X_Nymphalidae_Danainae_Danaini_Danaus_plexippus
1240,Lycaenidae,Lampides boeticus,10,Female,7,1,0.7,BN001093_BNSZS00308_Lycaenidae_Polyommatinae_Polyommatini_Lampides_boeticus
1226,Pieridae,Eurema smilax,10,Female,1,1,0.1,DRR087481_X_Pieridae_Coliadinae_X_Eurema_mandarina
1160,Pieridae,Belenois java,10,Female,0,1,0,BN002237_LEP46735_Pieridae_Pierinae_Pierini_Belenois_java
1099,Lycaenidae,Lampides boeticus,10,Female,6,1,0.6,BN001093_BNSZS00308_Lycaenidae_Polyommatinae_Polyommatini_Lampides_boeticus
1250,Nymphalidae,Danaus plexippus,10,Male,0,1,0,DanausR_X_Nymphalidae_Danainae_Danaini_Danaus_plexippus
1241,Nymphalidae,Melanitis leda,10,Female,2,1,0.2,ME11B073_X_Nymphalidae_Satyrinae_Melanitini_Melanitis_leda_X_ME
1173,Pieridae,Belenois java,10,Male,0,1,0,BN002237_LEP46735_Pieridae_Pierinae_Pierini_Belenois_java
3083,Papilionidae,Papilio demoleus,10,Female,2,1,0.2,SRR5879306_X_Papilionidae_Papilioninae_Papilionini_Papilio_ambrax
3057,Papilionidae,Papilio demoleus,10,Male,4,1,0.4,SRR5879306_X_Papilionidae_Papilioninae_Papilionini_Papilio_ambrax
1208,Nymphalidae,Danaus plexippus,10,Female,0,1,0,DanausR_X_Nymphalidae_Danainae_Danaini_Danaus_plexippus
3078,Hesperiidae,Toxidia peron,10,Female,1,1,0.1,BN000840_111_Hesperiidae_Trapezitinae_X_Toxidia_peron
1183,Nymphalidae,Danaus plexippus,10,Female,0,1,0,DanausR_X_Nymphalidae_Danainae_Danaini_Danaus_plexippus
1119,Lycaenidae,Lampides boeticus,11,Female,8,1,0.727272727,BN001093_BNSZS00308_Lycaenidae_Polyommatinae_Polyommatini_Lampides_boeticus
3054,Nymphalidae,Danaus petilia,10,Male,2,1,0.2,GCA0049599151_X_Nymphalidae_Danainae_Danaini_Danaus_chrysippus
3056,Papilionidae,Papilio demoleus,10,Female,1,1,0.1,SRR5879306_X_Papilionidae_Papilioninae_Papilionini_Papilio_ambrax
3058,Papilionidae,Papilio demoleus,10,Female,3,1,0.3,SRR5879306_X_Papilionidae_Papilioninae_Papilionini_Papilio_ambrax
1207,Pieridae,Eurema smilax,10,Female,4,1,0.4,DRR087481_X_Pieridae_Coliadinae_X_Eurema_mandarina
1246,Nymphalidae,Danaus plexippus,10,Female,4,1,0.4,DanausR_X_Nymphalidae_Danainae_Danaini_Danaus_plexippus
1211,Nymphalidae,Danaus plexippus,10,Male,0,1,0,DanausR_X_Nymphalidae_Danainae_Danaini_Danaus_plexippus
3109,Pieridae,Delias argenthona,10,Male,3,1,0.3,SRR4341246_X_Pieridae_Pierinae_Pierini_Delias_descombesi_oraia
1163,Hesperiidae,Ocybadistes flavovittatus,9,Female,3,1,0.333333333,DL02Q800_X_Hesperiidae_Hesperiinae_Taractrocerini_Ocybadistes_flavovittata_X_ME
1174,Pieridae,Delias argenthona,10,Female,0,1,0,SRR4341246_X_Pieridae_Pierinae_Pierini_Delias_descombesi_oraia
1118,Lycaenidae,Lampides boeticus,10,Male,10,1,1,BN001093_BNSZS00308_Lycaenidae_Polyommatinae_Polyommatini_Lampides_boeticus
1170,Pieridae,Delias argenthona,10,Male,3,1,0.3,SRR4341246_X_Pieridae_Pierinae_Pierini_Delias_descombesi_oraia
1233,Lycaenidae,Lampides boeticus,10,Male,1,1,0.1,BN001093_BNSZS00308_Lycaenidae_Polyommatinae_Polyommatini_Lampides_boeticus
3111,Papilionidae,Papilio demoleus,10,Female,4,1,0.4,SRR5879306_X_Papilionidae_Papilioninae_Papilionini_Papilio_ambrax
1205,Pieridae,Eurema smilax,10,Female,5,1,0.5,DRR087481_X_Pieridae_Coliadinae_X_Eurema_mandarina
1179,Nymphalidae,Junonia villida,10,Female,0,1,0,SRR1145747_X_Nymphalidae_Nymphalinae_Junoniini_Junonia_coenia
1518,Hesperiidae,Telicota ancilla,10,Male,0,1,0,BN000803_LEP37050_Hesperiidae_Hesperiinae_Taractrocerini_Telicota_augias_augias
1561,Hesperiidae,Trapezites symmomus,10,Male,0,1,0,BN000850_89_Hesperiidae_Trapezitinae_X_Trapezites_symmomus
1519,Hesperiidae,Telicota ancilla,10,Male,0,1,0,BN000803_LEP37050_Hesperiidae_Hesperiinae_Taractrocerini_Telicota_augias_augias
1531,Hesperiidae,Toxidia peron,10,Female,2,1,0.2,BN000840_111_Hesperiidae_Trapezitinae_X_Toxidia_peron
1545,Nymphalidae,Heteronympha merope,10,Male,5,1,0.5,BN001816_DL14E002_Nymphalidae_Satyrinae_Satyrini_Heteronympha_merope
1543,Pieridae,Pieris rapae,10,Male,0,1,0,BN007169_LEP50891_Pieridae_Pierinae_Pierini_Pieris_rapae
1529,Lycaenidae,Candalides absimilis,10,Female,9,1,0.9,RE05D052_X_Lycaenidae_Theclinae_Candalidini_Candalides_xanthospilos_X_ME
1527,Lycaenidae,Candalides absimilis,10,Female,7,1,0.7,RE05D052_X_Lycaenidae_Theclinae_Candalidini_Candalides_xanthospilos_X_ME
2647,Nymphalidae,Mycalesis sirius,9,Female,0,1,0,BN004362_DL02P763_Nymphalidae_Satyrinae_Satyrini_Mycalesis_francisca
2393,Nymphalidae,Junonia hedonia,10,Male,0,1,0,SRR1145747_X_Nymphalidae_Nymphalinae_Junoniini_Junonia_coenia
2598,Nymphalidae,Mycalesis terminus,10,Male,1,1,0.1,BN004362_DL02P763_Nymphalidae_Satyrinae_Satyrini_Mycalesis_francisca
2319,Nymphalidae,Ypthima arctous,10,Female,7,1,0.7,LEP25269_X_Nymphalidae_Satyrinae_Satyrini_Ypthima_argus_X_ME
496,Pieridae,Delias nigrina,10,Male,0,1,0,SRR4341246_X_Pieridae_Pierinae_Pierini_Delias_descombesi_oraia
2615,Nymphalidae,Mycalesis perseus,10,Female,3,1,0.3,BN004362_DL02P763_Nymphalidae_Satyrinae_Satyrini_Mycalesis_francisca
470,Nymphalidae,Mycalesis terminus,10,Male,3,1,0.3,BN004362_DL02P763_Nymphalidae_Satyrinae_Satyrini_Mycalesis_francisca
2666,Nymphalidae,Mycalesis terminus,10,Male,0,1,0,BN004362_DL02P763_Nymphalidae_Satyrinae_Satyrini_Mycalesis_francisca
484,Nymphalidae,Mycalesis sirius,10,Female,3,1,0.3,BN004362_DL02P763_Nymphalidae_Satyrinae_Satyrini_Mycalesis_francisca
2646,Nymphalidae,Mycalesis perseus,10,Female,4,1,0.4,BN004362_DL02P763_Nymphalidae_Satyrinae_Satyrini_Mycalesis_francisca
368,Nymphalidae,Ypthima arctous,10,Female,1,1,0.1,LEP25269_X_Nymphalidae_Satyrinae_Satyrini_Ypthima_argus_X_ME
2580,Hesperiidae,Suniana sunias,10,Female,3,1,0.3,BN000778_380_Hesperiidae_Hesperiinae_Taractrocerini_Suniana_sunias
475,Pieridae,Eurema laeta,10,Female,3,1,0.3,DRR087481_X_Pieridae_Coliadinae_X_Eurema_mandarina
2374,Hesperiidae,Pelopidas agna,10,Male,0,1,0,ME12C211_X_Hesperiidae_Hesperiinae_Baorini_Pelopidas_mathias_X_ME
458,Nymphalidae,Mycalesis sirius,10,Female,7,1,0.7,BN004362_DL02P763_Nymphalidae_Satyrinae_Satyrini_Mycalesis_francisca
2394,Nymphalidae,Junonia hedonia,10,Male,0,1,0,SRR1145747_X_Nymphalidae_Nymphalinae_Junoniini_Junonia_coenia
2532,Hesperiidae,Pelopidas lyelli,10,Male,0,1,0,ME12C211_X_Hesperiidae_Hesperiinae_Baorini_Pelopidas_mathias_X_ME
502,Nymphalidae,Mycalesis sirius,10,Female,0,1,0,BN004362_DL02P763_Nymphalidae_Satyrinae_Satyrini_Mycalesis_francisca
510,Nymphalidae,Mycalesis terminus,10,Male,4,1,0.4,BN004362_DL02P763_Nymphalidae_Satyrinae_Satyrini_Mycalesis_francisca
2333,Nymphalidae,Mycalesis perseus,10,Male,2,1,0.2,BN004362_DL02P763_Nymphalidae_Satyrinae_Satyrini_Mycalesis_francisca
2581,Hesperiidae,Sabera dobboe,10,Female,0,1,0,BN000717_310_Hesperiidae_Hesperiinae_Taractrocerini_Sabera_caesina
2347,Nymphalidae,Mycalesis perseus,10,Female,0,1,0,BN004362_DL02P763_Nymphalidae_Satyrinae_Satyrini_Mycalesis_francisca
2591,Hesperiidae,Arrhenes dschilus,10,Male,0,1,0,BN000141_311_Hesperiidae_Hesperiinae_Taractrocerini_Arrhenes_dschilus
2593,Hesperiidae,Telicota ancilla,10,Male,0,1,0,BN000803_LEP37050_Hesperiidae_Hesperiinae_Taractrocerini_Telicota_augias_augias
450,Hesperiidae,Arrhenes dschilus,10,Female,3,1,0.3,BN000141_311_Hesperiidae_Hesperiinae_Taractrocerini_Arrhenes_dschilus
467,Lycaenidae,Arhopala micale,10,Female,4,1,0.4,BN004507_EI16D223_Lycaenidae_Theclinae_Arhopalini_Arhopala_thamyras
468,Lycaenidae,Arhopala micale,10,Female,0,1,0,BN004507_EI16D223_Lycaenidae_Theclinae_Arhopalini_Arhopala_thamyras
487,Nymphalidae,Mycalesis terminus,10,Female,0,1,0,BN004362_DL02P763_Nymphalidae_Satyrinae_Satyrini_Mycalesis_francisca
408,Nymphalidae,Mycalesis sirius,10,Female,7,1,0.7,BN004362_DL02P763_Nymphalidae_Satyrinae_Satyrini_Mycalesis_francisca
613,Nymphalidae,Hypolimnas bolina,10,Female,0,1,0,BN007178_LEP37028B_Nymphalidae_Nymphalinae_Kallimini_Hypolimnas_bolina
506,Hesperiidae,Arrhenes dschilus,10,Female,8,1,0.8,BN000141_311_Hesperiidae_Hesperiinae_Taractrocerini_Arrhenes_dschilus
512,Nymphalidae,Mycalesis sirius,10,Female,2,1,0.2,BN004362_DL02P763_Nymphalidae_Satyrinae_Satyrini_Mycalesis_francisca
2452,Nymphalidae,Mycalesis sirius,10,Male,4,1,0.4,BN004362_DL02P763_Nymphalidae_Satyrinae_Satyrini_Mycalesis_francisca
412,Lycaenidae,Arhopala micale,10,Female,0,1,0,BN004507_EI16D223_Lycaenidae_Theclinae_Arhopalini_Arhopala_thamyras
2576,Hesperiidae,Sabera dobboe,10,Female,1,1,0.1,BN000717_310_Hesperiidae_Hesperiinae_Taractrocerini_Sabera_caesina
2343,Nymphalidae,Mycalesis sirius,10,Female,1,1,0.1,BN004362_DL02P763_Nymphalidae_Satyrinae_Satyrini_Mycalesis_francisca
2579,Hesperiidae,Telicota mesoptis,10,Female,0,1,0,BN000803_LEP37050_Hesperiidae_Hesperiinae_Taractrocerini_Telicota_augias_augias
2348,Nymphalidae,Mycalesis sirius,10,Female,0,1,0,BN004362_DL02P763_Nymphalidae_Satyrinae_Satyrini_Mycalesis_francisca
404,Hesperiidae,Arrhenes dschilus,10,Female,3,1,0.3,BN000141_311_Hesperiidae_Hesperiinae_Taractrocerini_Arrhenes_dschilus
563,Nymphalidae,Mycalesis terminus,10,Female,1,1,0.1,BN004362_DL02P763_Nymphalidae_Satyrinae_Satyrini_Mycalesis_francisca
2517,Nymphalidae,Mycalesis sirius,10,Female,1,1,0.1,BN004362_DL02P763_Nymphalidae_Satyrinae_Satyrini_Mycalesis_francisca
2531,Hesperiidae,Pelopidas lyelli,10,Female,0,1,0,ME12C211_X_Hesperiidae_Hesperiinae_Baorini_Pelopidas_mathias_X_ME
2534,Hesperiidae,Pelopidas lyelli,10,Male,5,1,0.5,ME12C211_X_Hesperiidae_Hesperiinae_Baorini_Pelopidas_mathias_X_ME
2539,Nymphalidae,Melanitis leda,10,Female,0,1,0,ME11B073_X_Nymphalidae_Satyrinae_Melanitini_Melanitis_leda_X_ME
499,Pieridae,Eurema hecabe,10,Male,1,1,0.1,DRR087481_X_Pieridae_Coliadinae_X_Eurema_mandarina
541,Nymphalidae,Junonia hedonia,10,Male,0,1,0,SRR1145747_X_Nymphalidae_Nymphalinae_Junoniini_Junonia_coenia
355,Pieridae,Catopsilia pomona,10,Female,1,1,0.1,BN002319_DL13F181_Pieridae_Coliadinae_X_Catopsilia_scylla
2489,Hesperiidae,Pelopidas agna,10,Female,0,1,0,ME12C211_X_Hesperiidae_Hesperiinae_Baorini_Pelopidas_mathias_X_ME
389,Hesperiidae,Pelopidas agna,10,Male,0,1,0,ME12C211_X_Hesperiidae_Hesperiinae_Baorini_Pelopidas_mathias_X_ME
345,Hesperiidae,Arrhenes dschilus,10,Female,1,1,0.1,BN000141_311_Hesperiidae_Hesperiinae_Taractrocerini_Arrhenes_dschilus
2481,Hesperiidae,Telicota ancilla,10,Male,3,1,0.3,BN000803_LEP37050_Hesperiidae_Hesperiinae_Taractrocerini_Telicota_augias_augias
2485,Hesperiidae,Sabera dobboe,10,Male,0,1,0,BN000717_310_Hesperiidae_Hesperiinae_Taractrocerini_Sabera_caesina
2523,Nymphalidae,Mycalesis perseus,10,Male,3,1,0.3,BN004362_DL02P763_Nymphalidae_Satyrinae_Satyrini_Mycalesis_francisca
PC3,Lycaenidae,Psychonotis caelius,10,Male,4,2,0.4,BN003844_KD94R072_Lycaenidae_Polyommatinae_Polyommatini_Psychonotis_caelius
349,Pieridae,Catopsilia pomona,10,Male,0,1,0,BN002319_DL13F181_Pieridae_Coliadinae_X_Catopsilia_scylla
430,Lycaenidae,Arhopala micale,10,Female,4,1,0.4,BN004507_EI16D223_Lycaenidae_Theclinae_Arhopalini_Arhopala_thamyras
549,Nymphalidae,Hypolimnas bolina,10,Male,7,1,0.7,BN007178_LEP37028B_Nymphalidae_Nymphalinae_Kallimini_Hypolimnas_bolina
2451,Nymphalidae,Mycalesis perseus,10,Male,0,1,0,BN004362_DL02P763_Nymphalidae_Satyrinae_Satyrini_Mycalesis_francisca
608,Hesperiidae,Arrhenes dschilus,10,Female,0,1,0,BN000141_311_Hesperiidae_Hesperiinae_Taractrocerini_Arrhenes_dschilus
2459,Nymphalidae,Ypthima arctous,10,Female,3,1,0.3,LEP25269_X_Nymphalidae_Satyrinae_Satyrini_Ypthima_argus_X_ME
546,Nymphalidae,Hypolimnas bolina,10,Female,0,1,0,BN007178_LEP37028B_Nymphalidae_Nymphalinae_Kallimini_Hypolimnas_bolina
548,Pieridae,Catopsilia pomona,10,Male,7,1,0.7,BN002319_DL13F181_Pieridae_Coliadinae_X_Catopsilia_scylla
2477,Pieridae,Eurema hecabe,10,Female,2,1,0.2,DRR087481_X_Pieridae_Coliadinae_X_Eurema_mandarina
2892,Pieridae,Cepora perimale,10,Male,3,1,0.3,BN002330_DL16V155_Pieridae_Pierinae_Pierini_Cepora_nerissa
2997,Nymphalidae,Danaus plexippus,10,Male,3,1,0.3,DanausR_X_Nymphalidae_Danainae_Danaini_Danaus_plexippus
2879,Nymphalidae,Euploea corinna,10,Male,2,1,0.2,BN004536_HD14B023_Nymphalidae_Danainae_Danaini_Euploea_phaenareta
2893,Pieridae,Cepora perimale,10,Female,0,1,0,BN002330_DL16V155_Pieridae_Pierinae_Pierini_Cepora_nerissa
2953,Nymphalidae,Euploea corinna,10,Male,0,1,0,BN004536_HD14B023_Nymphalidae_Danainae_Danaini_Euploea_phaenareta
2950,Hesperiidae,Suniana sunias,10,Female,2,1,0.2,BN000778_380_Hesperiidae_Hesperiinae_Taractrocerini_Suniana_sunias
2890,Nymphalidae,Danaus plexippus,10,Male,8,1,0.8,DanausR_X_Nymphalidae_Danainae_Danaini_Danaus_plexippus
856,Pieridae,Eurema hecabe,10,Female,2,1,0.2,DRR087481_X_Pieridae_Coliadinae_X_Eurema_mandarina
757,Hesperiidae,Ocybadistes flavovittatus,10,Female,1,1,0.1,DL02Q800_X_Hesperiidae_Hesperiinae_Taractrocerini_Ocybadistes_flavovittata_X_ME
2989,Nymphalidae,Danaus petilia,10,Female,0,1,0,GCA0049599151_X_Nymphalidae_Danainae_Danaini_Danaus_chrysippus
2944,Papilionidae,Graphium choredon,10,Male,0,1,0,RF140004_X_Papilionidae_Papilioninae_Leptocircini_Graphium_agamemnon_X_ME
906,Nymphalidae,Euploea tulliolus,10,Female,8,1,0.8,BN004536_HD14B023_Nymphalidae_Danainae_Danaini_Euploea_phaenareta
802,Pieridae,Eurema smilax,10,Male,6,1,0.6,DRR087481_X_Pieridae_Coliadinae_X_Eurema_mandarina
919,Pieridae,Delias nigrina,10,Male,0,1,0,SRR4341246_X_Pieridae_Pierinae_Pierini_Delias_descombesi_oraia
930,Lycaenidae,Lampides boeticus,10,Male,4,1,0.4,BN001093_BNSZS00308_Lycaenidae_Polyommatinae_Polyommatini_Lampides_boeticus
931,Hesperiidae,Ocybadistes flavovittatus,10,Female,0,1,0,DL02Q800_X_Hesperiidae_Hesperiinae_Taractrocerini_Ocybadistes_flavovittata_X_ME
898,Pieridae,Belenois java,10,Female,1,1,0.1,BN002237_LEP46735_Pieridae_Pierinae_Pierini_Belenois_java
822,Hesperiidae,Ocybadistes flavovittatus,10,Female,7,1,0.7,DL02Q800_X_Hesperiidae_Hesperiinae_Taractrocerini_Ocybadistes_flavovittata_X_ME
944,Pieridae,Eurema hecabe,10,Male,2,1,0.2,DRR087481_X_Pieridae_Coliadinae_X_Eurema_mandarina
949,Nymphalidae,Danaus plexippus,10,Female,8,1,0.8,DanausR_X_Nymphalidae_Danainae_Danaini_Danaus_plexippus
950,Nymphalidae,Euploea tulliolus,10,Female,7,1,0.7,BN004536_HD14B023_Nymphalidae_Danainae_Danaini_Euploea_phaenareta
951,Pieridae,Belenois java,10,Male,0,1,0,BN002237_LEP46735_Pieridae_Pierinae_Pierini_Belenois_java
771,Pieridae,Belenois java,11,Female,3,1,0.272727273,BN002237_LEP46735_Pieridae_Pierinae_Pierini_Belenois_java
LP1,Lycaenidae,Leptotes plinius,10,Male,6,2,0.6,BN002865_LEP46014_Lycaenidae_Polyommatinae_Polyommatini_Leptotes_cassius
2956,Lycaenidae,Theclinesthes onycha,10,Male,10,1,1,BN003991_MFB00P612_Lycaenidae_Polyommatinae_Polyommatini_Theclinesthes_miskini
2919,Hesperiidae,Suniana sunias,10,Male,4,1,0.4,BN000778_380_Hesperiidae_Hesperiinae_Taractrocerini_Suniana_sunias
2921,Nymphalidae,Euploea corinna,10,Male,4,1,0.4,BN004536_HD14B023_Nymphalidae_Danainae_Danaini_Euploea_phaenareta
971,Pieridae,Belenois java,10,Female,2,1,0.2,BN002237_LEP46735_Pieridae_Pierinae_Pierini_Belenois_java
2915,Pieridae,Belenois java,10,Male,3,1,0.3,BN002237_LEP46735_Pieridae_Pierinae_Pierini_Belenois_java
2916,Pieridae,Cepora perimale,10,Male,0,1,0,BN002330_DL16V155_Pieridae_Pierinae_Pierini_Cepora_nerissa
2881,Nymphalidae,Euploea corinna,10,Male,0,1,0,BN004536_HD14B023_Nymphalidae_Danainae_Danaini_Euploea_phaenareta
2920,Nymphalidae,Euploea corinna,10,Female,6,1,0.6,BN004536_HD14B023_Nymphalidae_Danainae_Danaini_Euploea_phaenareta
874,Pieridae,Belenois java,10,Male,0,1,0,BN002237_LEP46735_Pieridae_Pierinae_Pierini_Belenois_java
2923,Nymphalidae,Euploea corinna,10,Male,0,1,0,BN004536_HD14B023_Nymphalidae_Danainae_Danaini_Euploea_phaenareta
4053,Hesperiidae,Ocybadistes walkeri,10,Female,1,1,0.1,BN000549_127_Hesperiidae_Hesperiinae_Taractrocerini_Ocybadistes_walkeri
4072,Pieridae,Pieris rapae,10,Female,0,1,0,BN007169_LEP50891_Pieridae_Pierinae_Pierini_Pieris_rapae
4103,Pieridae,Pieris rapae,10,Female,0,1,0,BN007169_LEP50891_Pieridae_Pierinae_Pierini_Pieris_rapae
4176,Pieridae,Pieris rapae,10,Female,0,1,0,BN007169_LEP50891_Pieridae_Pierinae_Pierini_Pieris_rapae
4185,Pieridae,Pieris rapae,10,Male,0,1,0,BN007169_LEP50891_Pieridae_Pierinae_Pierini_Pieris_rapae
4212,Pieridae,Pieris rapae,10,Male,0,1,0,BN007169_LEP50891_Pieridae_Pierinae_Pierini_Pieris_rapae
4131,Hesperiidae,Suniana sunias,10,Female,1,1,0.1,BN000778_380_Hesperiidae_Hesperiinae_Taractrocerini_Suniana_sunias
4146,Pieridae,Eurema smilax,10,Female,0,1,0,DRR087481_X_Pieridae_Coliadinae_X_Eurema_mandarina
1815,Nymphalidae,Vanessa kershawi,10,Female,0,1,0,BN007174_LEP28963_Nymphalidae_Nymphalinae_Nymphalini_Vanessa_indica
1821,Nymphalidae,Junonia villida,10,Male,0,1,0,SRR1145747_X_Nymphalidae_Nymphalinae_Junoniini_Junonia_coenia
1824,Nymphalidae,Junonia villida,10,Female,1,1,0.1,SRR1145747_X_Nymphalidae_Nymphalinae_Junoniini_Junonia_coenia
1791,Nymphalidae,Vanessa kershawi,10,Female,3,1,0.3,BN007174_LEP28963_Nymphalidae_Nymphalinae_Nymphalini_Vanessa_indica
1798,Nymphalidae,Junonia villida,10,Female,0,1,0,SRR1145747_X_Nymphalidae_Nymphalinae_Junoniini_Junonia_coenia
1820,Hesperiidae,Ocybadistes walkeri,10,Male,1,1,0.1,BN000549_127_Hesperiidae_Hesperiinae_Taractrocerini_Ocybadistes_walkeri
1823,Hesperiidae,Ocybadistes flavovittatus,11,Female,9,1,0.818181818,DL02Q800_X_Hesperiidae_Hesperiinae_Taractrocerini_Ocybadistes_flavovittata_X_ME
1835,Nymphalidae,Junonia villida,10,Male,0,1,0,SRR1145747_X_Nymphalidae_Nymphalinae_Junoniini_Junonia_coenia
1783,Nymphalidae,Vanessa kershawi,10,Female,3,1,0.3,BN007174_LEP28963_Nymphalidae_Nymphalinae_Nymphalini_Vanessa_indica
1827,Hesperiidae,Ocybadistes walkeri,10,Male,3,1,0.3,BN000549_127_Hesperiidae_Hesperiinae_Taractrocerini_Ocybadistes_walkeri
3845,Nymphalidae,Danaus plexippus,10,Male,0,1,0,DanausR_X_Nymphalidae_Danainae_Danaini_Danaus_plexippus
3773,Pieridae,Pieris rapae,10,Female,1,1,0.1,BN007169_LEP50891_Pieridae_Pierinae_Pierini_Pieris_rapae
3781,Nymphalidae,Junonia villida,10,Female,0,1,0,SRR1145747_X_Nymphalidae_Nymphalinae_Junoniini_Junonia_coenia
3909,Nymphalidae,Junonia villida,10,Female,1,1,0.1,SRR1145747_X_Nymphalidae_Nymphalinae_Junoniini_Junonia_coenia
3913,Hesperiidae,Toxidia peron,10,Male,0,1,0,BN000840_111_Hesperiidae_Trapezitinae_X_Toxidia_peron
3923,Pieridae,Pieris rapae,10,Female,0,1,0,BN007169_LEP50891_Pieridae_Pierinae_Pierini_Pieris_rapae
3924,Pieridae,Pieris rapae,10,Male,0,1,0,BN007169_LEP50891_Pieridae_Pierinae_Pierini_Pieris_rapae
1594,Lycaenidae,Candalides absimilis,10,Female,8,1,0.8,RE05D052_X_Lycaenidae_Theclinae_Candalidini_Candalides_xanthospilos_X_ME
1564,Nymphalidae,Hypocysta metirius,10,Male,4,1,0.4,BN005507_DH18R117_Nymphalidae_Satyrinae_Satyrini_Hypocysta_calypso
1568,Hesperiidae,Ocybadistes walkeri,10,Male,4,1,0.4,BN000549_127_Hesperiidae_Hesperiinae_Taractrocerini_Ocybadistes_walkeri
1584,Hesperiidae,Ocybadistes walkeri,10,Male,5,1,0.5,BN000549_127_Hesperiidae_Hesperiinae_Taractrocerini_Ocybadistes_walkeri
1576,Hesperiidae,Trapezites symmomus,10,Female,0,1,0,BN000850_89_Hesperiidae_Trapezitinae_X_Trapezites_symmomus
1602,Hesperiidae,Telicota ancilla,10,Female,2,1,0.2,BN000803_LEP37050_Hesperiidae_Hesperiinae_Taractrocerini_Telicota_augias_augias
1577,Hesperiidae,Ocybadistes walkeri,10,Female,0,1,0,BN000549_127_Hesperiidae_Hesperiinae_Taractrocerini_Ocybadistes_walkeri
1581,Hesperiidae,Ocybadistes walkeri,10,Female,1,1,0.1,BN000549_127_Hesperiidae_Hesperiinae_Taractrocerini_Ocybadistes_walkeri
1586,Hesperiidae,Trapezites symmomus,10,Female,0,1,0,BN000850_89_Hesperiidae_Trapezitinae_X_Trapezites_symmomus
1575,Hesperiidae,Trapezites symmomus,10,Female,10,1,1,BN000850_89_Hesperiidae_Trapezitinae_X_Trapezites_symmomus
zhf3,Lycaenidae,Zizula hylax,10,Female,7,4,0.7,BN003906_DL09X120_Lycaenidae_Polyommatinae_Polyommatini_Zizula_hylax
zhf1,Lycaenidae,Zizula hylax,10,Female,5,6,0.5,BN003906_DL09X120_Lycaenidae_Polyommatinae_Polyommatini_Zizula_hylax
zhf4,Lycaenidae,Zizula hylax,10,Female,0,6,0,BN003906_DL09X120_Lycaenidae_Polyommatinae_Polyommatini_Zizula_hylax
zhm6,Lycaenidae,Zizula hylax,10,Male,10,5,1,BN003906_DL09X120_Lycaenidae_Polyommatinae_Polyommatini_Zizula_hylax
zhm4,Lycaenidae,Zizula hylax,10,Male,10,5,1,BN003906_DL09X120_Lycaenidae_Polyommatinae_Polyommatini_Zizula_hylax
